<?xml version="1.0" encoding="UTF-8"?>
<mule
	xmlns:tracking="http://www.mulesoft.org/schema/mule/ee/tracking"
	xmlns:dw="http://www.mulesoft.org/schema/mule/ee/dw"
	xmlns:ws="http://www.mulesoft.org/schema/mule/ws"
	xmlns:metadata="http://www.mulesoft.org/schema/mule/metadata"
	xmlns:http="http://www.mulesoft.org/schema/mule/http"
	xmlns="http://www.mulesoft.org/schema/mule/core"
	xmlns:doc="http://www.mulesoft.org/schema/mule/documentation"
	xmlns:spring="http://www.springframework.org/schema/beans"
	xmlns:xsi="http://www.w3.org/2001/XMLSchema-instance"
	xsi:schemaLocation="http://www.springframework.org/schema/beans http://www.springframework.org/schema/beans/spring-beans-current.xsd
http://www.mulesoft.org/schema/mule/core http://www.mulesoft.org/schema/mule/core/current/mule.xsd
http://www.mulesoft.org/schema/mule/ws http://www.mulesoft.org/schema/mule/ws/current/mule-ws.xsd
http://www.mulesoft.org/schema/mule/http http://www.mulesoft.org/schema/mule/http/current/mule-http.xsd
http://www.mulesoft.org/schema/mule/ee/dw http://www.mulesoft.org/schema/mule/ee/dw/current/dw.xsd
http://www.mulesoft.org/schema/mule/ee/tracking http://www.mulesoft.org/schema/mule/ee/tracking/current/mule-tracking-ee.xsd">
    <http:listener-config name="HTTP_Listener_Configuration" host="localhost" port="8082" doc:name="HTTP Listener Configuration"/>
    <ws:consumer-config name="Web_Service_Consumer" service="TokyoMarketService" port="TokyoMarketPort" serviceAddress="http://din52003454:8080/tokyoemployeeDetails" wsdlLocation="TokyoMarket.wsdl" doc:name="Web Service Consumer"/>
    <http:listener-config name="HTTP_Listener_Configuration1" host="localhost" port="8085" doc:name="HTTP Listener Configuration"/>
	<flow name="scatter-gather-exampleFlow">
		<http:listener config-ref="HTTP_Listener_Configuration1" path="/sgpoc" doc:name="HTTP" allowedMethods="GET"/>
		<object-to-string-transformer doc:name="Object to String"/>
        <logger level="INFO" doc:name="Logger" message="Value: #[message.inboundProperties.'http.query.params']"/>
		<scatter-gather doc:name="Scatter-Gather">
			<custom-aggregation-strategy class="samplescattergather.CustomSGAggregationStrategy"/>
			<processor-chain>
				<logger  level="INFO" doc:name="Logger"/>
                <set-variable variableName="marketRate" value="#[message.inboundProperties.'http.query.params'.marketRate]" doc:name="Variable"/>
                <dw:transform-message doc:name="Transform Message">
                    <dw:set-payload><![CDATA[%dw 1.0
%output application/xml
%namespace ns0 http://cxf.example.org/
---
{
	ns0#getTokyoEmployeeDetails: {
		empId: flowVars.marketRate as :string
	}
}]]></dw:set-payload>
                </dw:transform-message>
                <ws:consumer config-ref="Web_Service_Consumer" operation="getTokyoEmployeeDetails" doc:name="Tokyo Market Rate"/>
				<dw:transform-message metadata:id="4250084e-3fc9-448a-8bf4-f015d0916d1d" doc:name="Transform Message">
					<dw:set-payload>
						<![CDATA[%dw 1.0
						%output application/java
						%namespace ns0 http://ws.example.poc.com/
						---
						payload.ns0#getTokyoMarketRateResponse.return as :string]]>
					</dw:set-payload>
				</dw:transform-message>
				<set-payload value="#['Tokyo,' + payload]" doc:name="Set Payload"/>
				<logger message="#[payload]" level="INFO" doc:name="Logger"/>
			</processor-chain>
            <logger level="INFO" doc:name="Logger"/>
		</scatter-gather>
	</flow>
	<flow name="TokyoRate">
		<http:listener config-ref="HTTP_Listener_Configuration" path="/tokyorate" doc:name="HTTP" allowedMethods="GET"/>
		<dw:transform-message metadata:id="95e2d8f2-f447-433a-84a5-fb756aa2857e" doc:name="Transform Message">
			<dw:set-payload>
				<![CDATA[%dw 1.0
				%output application/java
				%namespace ns0 http://ws.example.poc.com/
				---
				payload.ns0#getTokyoMarketRateResponse.return as :string]]>
			</dw:set-payload>
		</dw:transform-message>
	</flow>
</mule>