<custom__type__definition>
  <version>5.2.0.0</version>
  <typeName class="org.mule.common.metadata.DefaultMetaDataKey">
    <id>fetchdatamapping</id>
    <displayName>fetchdatamapping</displayName>
    <category>DEFAULT</category>
    <metaDataKeyPropertiesManager>
      <properties>
        <org.mule.common.metadata.key.property.dsql.DsqlFromMetaDataKeyProperty/>
      </properties>
    </metaDataKeyPropertiesManager>
  </typeName>
  <metadataModel class="org.mule.common.metadata.DefaultXmlMetaDataModel">
    <dataType>XML</dataType>
    <metaDataModelPropertiesManager>
      <properties>
        <org.mule.common.metadata.property.TextBasedExampleMetaDataModelProperty/>
        <org.mule.common.metadata.property.xml.SchemaTypeMetaDataProperty/>
        <org.mule.tooling.metadata.properties.DefinitionEditorModeType>
          <mode>SCHEMA</mode>
          <path>D:\Users\vinkushw\Downloads\EmployeeResponse.xsd</path>
          <rootElement>EmployeeResponse</rootElement>
        </org.mule.tooling.metadata.properties.DefinitionEditorModeType>
      </properties>
    </metaDataModelPropertiesManager>
    <fields>
      <org.mule.common.metadata.DefaultMetaDataField>
        <name>name</name>
        <model class="org.mule.common.metadata.DefaultXmlMetaDataModel">
          <dataType>XML</dataType>
          <metaDataModelPropertiesManager>
            <properties/>
          </metaDataModelPropertiesManager>
          <fields>
            <org.mule.common.metadata.DefaultMetaDataField>
              <name>firstName</name>
              <model class="org.mule.common.metadata.DefaultXmlMetaDataModel">
                <dataType>XML</dataType>
                <metaDataModelPropertiesManager>
                  <properties>
                    <org.mule.common.metadata.property.xml.SchemaTypeMetaDataProperty>
                      <typeQName>
                        <namespaceURI>http://www.w3.org/2001/XMLSchema</namespaceURI>
                        <localPart>anyType</localPart>
                        <prefix></prefix>
                      </typeQName>
                    </org.mule.common.metadata.property.xml.SchemaTypeMetaDataProperty>
                  </properties>
                </metaDataModelPropertiesManager>
                <fields>
                  <org.mule.common.metadata.DefaultMetaDataField>
                    <name>text()</name>
                    <model class="org.mule.common.metadata.DefaultSimpleMetaDataModel">
                      <dataType>STRING</dataType>
                      <metaDataModelPropertiesManager>
                        <properties/>
                      </metaDataModelPropertiesManager>
                    </model>
                    <accessType>READ_WRITE</accessType>
                    <metaDataFieldPropertyManager>
                      <properties>
                        <org.mule.common.metadata.property.QNameMetaDataProperty>
                          <name>
                            <namespaceURI></namespaceURI>
                            <localPart>text()</localPart>
                            <prefix></prefix>
                          </name>
                        </org.mule.common.metadata.property.QNameMetaDataProperty>
                      </properties>
                    </metaDataFieldPropertyManager>
                  </org.mule.common.metadata.DefaultMetaDataField>
                </fields>
                <rootElement>
                  <namespaceURI></namespaceURI>
                  <localPart>EmployeeResponse</localPart>
                  <prefix></prefix>
                </rootElement>
                <schemas class="org.mule.common.metadata.UrlBasedSchemaProvider">
                  <schemas>
                    <url>file:/D:/Users/vinkushw/Downloads/EmployeeResponse.xsd</url>
                  </schemas>
                </schemas>
                <namespaceManager>
                  <namespacePrefix/>
                </namespaceManager>
              </model>
              <accessType>READ_WRITE</accessType>
              <metaDataFieldPropertyManager>
                <properties>
                  <org.mule.common.metadata.property.QNameMetaDataProperty>
                    <name>
                      <namespaceURI></namespaceURI>
                      <localPart>firstName</localPart>
                      <prefix></prefix>
                    </name>
                  </org.mule.common.metadata.property.QNameMetaDataProperty>
                </properties>
              </metaDataFieldPropertyManager>
            </org.mule.common.metadata.DefaultMetaDataField>
            <org.mule.common.metadata.DefaultMetaDataField>
              <name>lastName</name>
              <model class="org.mule.common.metadata.DefaultXmlMetaDataModel" reference="../../org.mule.common.metadata.DefaultMetaDataField/model"/>
              <accessType>READ_WRITE</accessType>
              <metaDataFieldPropertyManager>
                <properties>
                  <org.mule.common.metadata.property.QNameMetaDataProperty>
                    <name>
                      <namespaceURI></namespaceURI>
                      <localPart>lastName</localPart>
                      <prefix></prefix>
                    </name>
                  </org.mule.common.metadata.property.QNameMetaDataProperty>
                </properties>
              </metaDataFieldPropertyManager>
            </org.mule.common.metadata.DefaultMetaDataField>
          </fields>
          <rootElement reference="../fields/org.mule.common.metadata.DefaultMetaDataField/model/rootElement"/>
          <schemas class="org.mule.common.metadata.UrlBasedSchemaProvider" reference="../fields/org.mule.common.metadata.DefaultMetaDataField/model/schemas"/>
          <namespaceManager reference="../fields/org.mule.common.metadata.DefaultMetaDataField/model/namespaceManager"/>
        </model>
        <accessType>READ_WRITE</accessType>
        <metaDataFieldPropertyManager>
          <properties>
            <org.mule.common.metadata.property.QNameMetaDataProperty>
              <name>
                <namespaceURI></namespaceURI>
                <localPart>name</localPart>
                <prefix></prefix>
              </name>
            </org.mule.common.metadata.property.QNameMetaDataProperty>
          </properties>
        </metaDataFieldPropertyManager>
      </org.mule.common.metadata.DefaultMetaDataField>
      <org.mule.common.metadata.DefaultMetaDataField>
        <name>address</name>
        <model class="org.mule.common.metadata.DefaultXmlMetaDataModel">
          <dataType>XML</dataType>
          <metaDataModelPropertiesManager>
            <properties/>
          </metaDataModelPropertiesManager>
          <fields>
            <org.mule.common.metadata.DefaultMetaDataField>
              <name>aadressLine1</name>
              <model class="org.mule.common.metadata.DefaultXmlMetaDataModel" reference="../../../../../org.mule.common.metadata.DefaultMetaDataField/model/fields/org.mule.common.metadata.DefaultMetaDataField/model"/>
              <accessType>READ_WRITE</accessType>
              <metaDataFieldPropertyManager>
                <properties>
                  <org.mule.common.metadata.property.QNameMetaDataProperty>
                    <name>
                      <namespaceURI></namespaceURI>
                      <localPart>aadressLine1</localPart>
                      <prefix></prefix>
                    </name>
                  </org.mule.common.metadata.property.QNameMetaDataProperty>
                </properties>
              </metaDataFieldPropertyManager>
            </org.mule.common.metadata.DefaultMetaDataField>
            <org.mule.common.metadata.DefaultMetaDataField>
              <name>city</name>
              <model class="org.mule.common.metadata.DefaultXmlMetaDataModel" reference="../../../../../org.mule.common.metadata.DefaultMetaDataField/model/fields/org.mule.common.metadata.DefaultMetaDataField/model"/>
              <accessType>READ_WRITE</accessType>
              <metaDataFieldPropertyManager>
                <properties>
                  <org.mule.common.metadata.property.QNameMetaDataProperty>
                    <name>
                      <namespaceURI></namespaceURI>
                      <localPart>city</localPart>
                      <prefix></prefix>
                    </name>
                  </org.mule.common.metadata.property.QNameMetaDataProperty>
                </properties>
              </metaDataFieldPropertyManager>
            </org.mule.common.metadata.DefaultMetaDataField>
            <org.mule.common.metadata.DefaultMetaDataField>
              <name>postalCode</name>
              <model class="org.mule.common.metadata.DefaultXmlMetaDataModel" reference="../../../../../org.mule.common.metadata.DefaultMetaDataField/model/fields/org.mule.common.metadata.DefaultMetaDataField/model"/>
              <accessType>READ_WRITE</accessType>
              <metaDataFieldPropertyManager>
                <properties>
                  <org.mule.common.metadata.property.QNameMetaDataProperty>
                    <name>
                      <namespaceURI></namespaceURI>
                      <localPart>postalCode</localPart>
                      <prefix></prefix>
                    </name>
                  </org.mule.common.metadata.property.QNameMetaDataProperty>
                </properties>
              </metaDataFieldPropertyManager>
            </org.mule.common.metadata.DefaultMetaDataField>
          </fields>
          <rootElement reference="../../../org.mule.common.metadata.DefaultMetaDataField/model/fields/org.mule.common.metadata.DefaultMetaDataField/model/rootElement"/>
          <schemas class="org.mule.common.metadata.UrlBasedSchemaProvider" reference="../../../org.mule.common.metadata.DefaultMetaDataField/model/fields/org.mule.common.metadata.DefaultMetaDataField/model/schemas"/>
          <namespaceManager reference="../../../org.mule.common.metadata.DefaultMetaDataField/model/fields/org.mule.common.metadata.DefaultMetaDataField/model/namespaceManager"/>
        </model>
        <accessType>READ_WRITE</accessType>
        <metaDataFieldPropertyManager>
          <properties>
            <org.mule.common.metadata.property.QNameMetaDataProperty>
              <name>
                <namespaceURI></namespaceURI>
                <localPart>address</localPart>
                <prefix></prefix>
              </name>
            </org.mule.common.metadata.property.QNameMetaDataProperty>
          </properties>
        </metaDataFieldPropertyManager>
      </org.mule.common.metadata.DefaultMetaDataField>
      <org.mule.common.metadata.DefaultMetaDataField>
        <name>pfDetails</name>
        <model class="org.mule.common.metadata.DefaultXmlMetaDataModel">
          <dataType>XML</dataType>
          <metaDataModelPropertiesManager>
            <properties/>
          </metaDataModelPropertiesManager>
          <fields>
            <org.mule.common.metadata.DefaultMetaDataField>
              <name>accountId</name>
              <model class="org.mule.common.metadata.DefaultXmlMetaDataModel" reference="../../../../../org.mule.common.metadata.DefaultMetaDataField/model/fields/org.mule.common.metadata.DefaultMetaDataField/model"/>
              <accessType>READ_WRITE</accessType>
              <metaDataFieldPropertyManager>
                <properties>
                  <org.mule.common.metadata.property.QNameMetaDataProperty>
                    <name>
                      <namespaceURI></namespaceURI>
                      <localPart>accountId</localPart>
                      <prefix></prefix>
                    </name>
                  </org.mule.common.metadata.property.QNameMetaDataProperty>
                </properties>
              </metaDataFieldPropertyManager>
            </org.mule.common.metadata.DefaultMetaDataField>
            <org.mule.common.metadata.DefaultMetaDataField>
              <name>ammount</name>
              <model class="org.mule.common.metadata.DefaultXmlMetaDataModel" reference="../../../../../org.mule.common.metadata.DefaultMetaDataField/model/fields/org.mule.common.metadata.DefaultMetaDataField/model"/>
              <accessType>READ_WRITE</accessType>
              <metaDataFieldPropertyManager>
                <properties>
                  <org.mule.common.metadata.property.QNameMetaDataProperty>
                    <name>
                      <namespaceURI></namespaceURI>
                      <localPart>ammount</localPart>
                      <prefix></prefix>
                    </name>
                  </org.mule.common.metadata.property.QNameMetaDataProperty>
                </properties>
              </metaDataFieldPropertyManager>
            </org.mule.common.metadata.DefaultMetaDataField>
          </fields>
          <rootElement reference="../../../org.mule.common.metadata.DefaultMetaDataField/model/fields/org.mule.common.metadata.DefaultMetaDataField/model/rootElement"/>
          <schemas class="org.mule.common.metadata.UrlBasedSchemaProvider" reference="../../../org.mule.common.metadata.DefaultMetaDataField/model/fields/org.mule.common.metadata.DefaultMetaDataField/model/schemas"/>
          <namespaceManager reference="../../../org.mule.common.metadata.DefaultMetaDataField/model/fields/org.mule.common.metadata.DefaultMetaDataField/model/namespaceManager"/>
        </model>
        <accessType>READ_WRITE</accessType>
        <metaDataFieldPropertyManager>
          <properties>
            <org.mule.common.metadata.property.QNameMetaDataProperty>
              <name>
                <namespaceURI></namespaceURI>
                <localPart>pfDetails</localPart>
                <prefix></prefix>
              </name>
            </org.mule.common.metadata.property.QNameMetaDataProperty>
          </properties>
        </metaDataFieldPropertyManager>
      </org.mule.common.metadata.DefaultMetaDataField>
      <org.mule.common.metadata.DefaultMetaDataField>
        <name>gratuity</name>
        <model class="org.mule.common.metadata.DefaultXmlMetaDataModel">
          <dataType>XML</dataType>
          <metaDataModelPropertiesManager>
            <properties/>
          </metaDataModelPropertiesManager>
          <fields>
            <org.mule.common.metadata.DefaultMetaDataField>
              <name>accountId</name>
              <model class="org.mule.common.metadata.DefaultXmlMetaDataModel" reference="../../../../../org.mule.common.metadata.DefaultMetaDataField/model/fields/org.mule.common.metadata.DefaultMetaDataField/model"/>
              <accessType>READ_WRITE</accessType>
              <metaDataFieldPropertyManager>
                <properties>
                  <org.mule.common.metadata.property.QNameMetaDataProperty>
                    <name>
                      <namespaceURI></namespaceURI>
                      <localPart>accountId</localPart>
                      <prefix></prefix>
                    </name>
                  </org.mule.common.metadata.property.QNameMetaDataProperty>
                </properties>
              </metaDataFieldPropertyManager>
            </org.mule.common.metadata.DefaultMetaDataField>
            <org.mule.common.metadata.DefaultMetaDataField>
              <name>ammount</name>
              <model class="org.mule.common.metadata.DefaultXmlMetaDataModel" reference="../../../../../org.mule.common.metadata.DefaultMetaDataField/model/fields/org.mule.common.metadata.DefaultMetaDataField/model"/>
              <accessType>READ_WRITE</accessType>
              <metaDataFieldPropertyManager>
                <properties>
                  <org.mule.common.metadata.property.QNameMetaDataProperty>
                    <name>
                      <namespaceURI></namespaceURI>
                      <localPart>ammount</localPart>
                      <prefix></prefix>
                    </name>
                  </org.mule.common.metadata.property.QNameMetaDataProperty>
                </properties>
              </metaDataFieldPropertyManager>
            </org.mule.common.metadata.DefaultMetaDataField>
          </fields>
          <rootElement reference="../../../org.mule.common.metadata.DefaultMetaDataField/model/fields/org.mule.common.metadata.DefaultMetaDataField/model/rootElement"/>
          <schemas class="org.mule.common.metadata.UrlBasedSchemaProvider" reference="../../../org.mule.common.metadata.DefaultMetaDataField/model/fields/org.mule.common.metadata.DefaultMetaDataField/model/schemas"/>
          <namespaceManager reference="../../../org.mule.common.metadata.DefaultMetaDataField/model/fields/org.mule.common.metadata.DefaultMetaDataField/model/namespaceManager"/>
        </model>
        <accessType>READ_WRITE</accessType>
        <metaDataFieldPropertyManager>
          <properties>
            <org.mule.common.metadata.property.QNameMetaDataProperty>
              <name>
                <namespaceURI></namespaceURI>
                <localPart>gratuity</localPart>
                <prefix></prefix>
              </name>
            </org.mule.common.metadata.property.QNameMetaDataProperty>
          </properties>
        </metaDataFieldPropertyManager>
      </org.mule.common.metadata.DefaultMetaDataField>
    </fields>
    <rootElement reference="../fields/org.mule.common.metadata.DefaultMetaDataField/model/fields/org.mule.common.metadata.DefaultMetaDataField/model/rootElement"/>
    <schemas class="org.mule.common.metadata.UrlBasedSchemaProvider">
      <schemas reference="../../fields/org.mule.common.metadata.DefaultMetaDataField/model/fields/org.mule.common.metadata.DefaultMetaDataField/model/schemas/schemas"/>
    </schemas>
    <namespaceManager reference="../fields/org.mule.common.metadata.DefaultMetaDataField/model/fields/org.mule.common.metadata.DefaultMetaDataField/model/namespaceManager"/>
  </metadataModel>
</custom__type__definition>