<custom__type__definition>
  <version>5.2.0.0</version>
  <typeName class="org.mule.common.metadata.DefaultMetaDataKey">
    <id>output</id>
    <displayName>output</displayName>
    <category>DEFAULT</category>
    <metaDataKeyPropertiesManager>
      <properties>
        <org.mule.common.metadata.key.property.dsql.DsqlFromMetaDataKeyProperty/>
      </properties>
    </metaDataKeyPropertiesManager>
  </typeName>
  <metadataModel class="org.mule.common.metadata.DefaultXmlMetaDataModel">
    <dataType>XML</dataType>
    <metaDataModelPropertiesManager>
      <properties>
        <org.mule.common.metadata.property.xml.SchemaTypeMetaDataProperty/>
        <org.mule.common.metadata.property.TextBasedExampleMetaDataModelProperty>
          <exampleContent>D:\Users\vinkushw\Desktop\webservices\employee-xmls\emplAddress.xml</exampleContent>
        </org.mule.common.metadata.property.TextBasedExampleMetaDataModelProperty>
        <org.mule.tooling.metadata.properties.DefinitionEditorModeType>
          <mode>EXAMPLE</mode>
          <path>D:\Users\vinkushw\Desktop\webservices\employee-xmls\emplAddress.xml</path>
          <rootElement>address</rootElement>
        </org.mule.tooling.metadata.properties.DefinitionEditorModeType>
      </properties>
    </metaDataModelPropertiesManager>
    <fields>
      <org.mule.common.metadata.DefaultMetaDataField>
        <name>text()</name>
        <model class="org.mule.common.metadata.DefaultSimpleMetaDataModel">
          <dataType>STRING</dataType>
          <metaDataModelPropertiesManager>
            <properties/>
          </metaDataModelPropertiesManager>
        </model>
        <accessType>READ_WRITE</accessType>
        <metaDataFieldPropertyManager>
          <properties>
            <org.mule.common.metadata.property.QNameMetaDataProperty>
              <name>
                <namespaceURI></namespaceURI>
                <localPart>text()</localPart>
                <prefix></prefix>
              </name>
            </org.mule.common.metadata.property.QNameMetaDataProperty>
          </properties>
        </metaDataFieldPropertyManager>
      </org.mule.common.metadata.DefaultMetaDataField>
      <org.mule.common.metadata.DefaultMetaDataField>
        <name>aadressLine1</name>
        <model class="org.mule.common.metadata.DefaultSimpleMetaDataModel">
          <dataType>STRING</dataType>
          <metaDataModelPropertiesManager>
            <properties>
              <org.mule.common.metadata.property.xml.SchemaTypeMetaDataProperty>
                <typeQName>
                  <namespaceURI>http://www.w3.org/2001/XMLSchema</namespaceURI>
                  <localPart>string</localPart>
                  <prefix></prefix>
                </typeQName>
              </org.mule.common.metadata.property.xml.SchemaTypeMetaDataProperty>
            </properties>
          </metaDataModelPropertiesManager>
        </model>
        <accessType>READ_WRITE</accessType>
        <metaDataFieldPropertyManager>
          <properties>
            <org.mule.common.metadata.property.QNameMetaDataProperty>
              <name>
                <namespaceURI></namespaceURI>
                <localPart>aadressLine1</localPart>
                <prefix></prefix>
              </name>
            </org.mule.common.metadata.property.QNameMetaDataProperty>
          </properties>
        </metaDataFieldPropertyManager>
      </org.mule.common.metadata.DefaultMetaDataField>
      <org.mule.common.metadata.DefaultMetaDataField>
        <name>city</name>
        <model class="org.mule.common.metadata.DefaultSimpleMetaDataModel">
          <dataType>STRING</dataType>
          <metaDataModelPropertiesManager>
            <properties>
              <org.mule.common.metadata.property.xml.SchemaTypeMetaDataProperty>
                <typeQName reference="../../../../../../org.mule.common.metadata.DefaultMetaDataField[2]/model/metaDataModelPropertiesManager/properties/org.mule.common.metadata.property.xml.SchemaTypeMetaDataProperty/typeQName"/>
              </org.mule.common.metadata.property.xml.SchemaTypeMetaDataProperty>
            </properties>
          </metaDataModelPropertiesManager>
        </model>
        <accessType>READ_WRITE</accessType>
        <metaDataFieldPropertyManager>
          <properties>
            <org.mule.common.metadata.property.QNameMetaDataProperty>
              <name>
                <namespaceURI></namespaceURI>
                <localPart>city</localPart>
                <prefix></prefix>
              </name>
            </org.mule.common.metadata.property.QNameMetaDataProperty>
          </properties>
        </metaDataFieldPropertyManager>
      </org.mule.common.metadata.DefaultMetaDataField>
      <org.mule.common.metadata.DefaultMetaDataField>
        <name>postalCode</name>
        <model class="org.mule.common.metadata.DefaultSimpleMetaDataModel">
          <dataType>STRING</dataType>
          <metaDataModelPropertiesManager>
            <properties>
              <org.mule.common.metadata.property.xml.SchemaTypeMetaDataProperty>
                <typeQName reference="../../../../../../org.mule.common.metadata.DefaultMetaDataField[2]/model/metaDataModelPropertiesManager/properties/org.mule.common.metadata.property.xml.SchemaTypeMetaDataProperty/typeQName"/>
              </org.mule.common.metadata.property.xml.SchemaTypeMetaDataProperty>
            </properties>
          </metaDataModelPropertiesManager>
        </model>
        <accessType>READ_WRITE</accessType>
        <metaDataFieldPropertyManager>
          <properties>
            <org.mule.common.metadata.property.QNameMetaDataProperty>
              <name>
                <namespaceURI></namespaceURI>
                <localPart>postalCode</localPart>
                <prefix></prefix>
              </name>
            </org.mule.common.metadata.property.QNameMetaDataProperty>
          </properties>
        </metaDataFieldPropertyManager>
      </org.mule.common.metadata.DefaultMetaDataField>
    </fields>
    <rootElement>
      <namespaceURI></namespaceURI>
      <localPart>address</localPart>
      <prefix></prefix>
    </rootElement>
    <schemas class="org.mule.common.metadata.StringBasedSchemaProvider">
      <schemas>
        <string>&lt;?xml version=&quot;1.0&quot;?&gt;
&lt;xsd:schema xmlns:xsd=&quot;http://www.w3.org/2001/XMLSchema&quot; targetNamespace=&quot;&quot; elementFormDefault=&quot;qualified&quot;&gt;&lt;xsd:element name=&quot;address&quot;&gt;&lt;xsd:complexType mixed=&quot;true&quot;&gt;&lt;xsd:sequence&gt;&lt;xsd:element name=&quot;aadressLine1&quot; minOccurs=&quot;0&quot; type=&quot;xsd:string&quot; /&gt;&lt;xsd:element name=&quot;city&quot; minOccurs=&quot;0&quot; type=&quot;xsd:string&quot; /&gt;&lt;xsd:element name=&quot;postalCode&quot; minOccurs=&quot;0&quot; type=&quot;xsd:string&quot; /&gt;&lt;/xsd:sequence&gt;&lt;/xsd:complexType&gt;&lt;/xsd:element&gt;&lt;/xsd:schema&gt;
</string>
      </schemas>
      <encoding>UTF-8</encoding>
    </schemas>
    <namespaceManager>
      <namespacePrefix/>
    </namespaceManager>
  </metadataModel>
</custom__type__definition>