<?xml version="1.0" encoding="UTF-8"?>

<mule xmlns:json="http://www.mulesoft.org/schema/mule/json" xmlns:mulexml="http://www.mulesoft.org/schema/mule/xml" xmlns:metadata="http://www.mulesoft.org/schema/mule/metadata" xmlns:db="http://www.mulesoft.org/schema/mule/db" xmlns:tracking="http://www.mulesoft.org/schema/mule/ee/tracking" xmlns:dw="http://www.mulesoft.org/schema/mule/ee/dw" xmlns:ws="http://www.mulesoft.org/schema/mule/ws" xmlns:http="http://www.mulesoft.org/schema/mule/http" xmlns="http://www.mulesoft.org/schema/mule/core" xmlns:doc="http://www.mulesoft.org/schema/mule/documentation"
	xmlns:spring="http://www.springframework.org/schema/beans" 
	xmlns:xsi="http://www.w3.org/2001/XMLSchema-instance"
	xsi:schemaLocation="http://www.springframework.org/schema/beans http://www.springframework.org/schema/beans/spring-beans-current.xsd
http://www.mulesoft.org/schema/mule/core http://www.mulesoft.org/schema/mule/core/current/mule.xsd
http://www.mulesoft.org/schema/mule/http http://www.mulesoft.org/schema/mule/http/current/mule-http.xsd
http://www.mulesoft.org/schema/mule/ws http://www.mulesoft.org/schema/mule/ws/current/mule-ws.xsd
http://www.mulesoft.org/schema/mule/ee/dw http://www.mulesoft.org/schema/mule/ee/dw/current/dw.xsd
http://www.mulesoft.org/schema/mule/ee/tracking http://www.mulesoft.org/schema/mule/ee/tracking/current/mule-tracking-ee.xsd
http://www.mulesoft.org/schema/mule/db http://www.mulesoft.org/schema/mule/db/current/mule-db.xsd
http://www.mulesoft.org/schema/mule/json http://www.mulesoft.org/schema/mule/json/current/mule-json.xsd
http://www.mulesoft.org/schema/mule/xml http://www.mulesoft.org/schema/mule/xml/current/mule-xml.xsd">
    <http:listener-config name="HTTP_Listener_Configuration" host="localhost" port="8081" doc:name="HTTP Listener Configuration"/>
    <ws:consumer-config name="Web_Service_Consumer" service="EmployeeService" port="EmployeePort" serviceAddress="http://din52003454:8080/employeeDetails" wsdlLocation="example.wsdl" doc:name="Web Service Consumer"/>
    <db:mysql-config name="MySQL_Configuration" host="localhost" port="3306" user="root" password="root" database="employeedb" doc:name="MySQL Configuration"/>
   <spring:beans>
        <spring:bean id="gratuityService" name="GratuityService" class="com.capg.GratuityService"/>
    </spring:beans>
    <flow name="soap_webService_call" initialState="started">
        <http:listener config-ref="HTTP_Listener_Configuration" path="/getEmployeeById" doc:name="HTTP" allowedMethods="GET"/>
        <logger level="INFO" doc:name="Logger"/>
        <set-variable variableName="empID" value="#[message.inboundProperties.'http.query.params'.ID]" doc:name="empId"/>
        <logger message="Emp ID:  #[flowVars.empID]" level="INFO" doc:name="Log Emp ID"/>
        <flow-ref name="soap_webService_callSub_Flow" doc:name="soap_webService_callSub_Flow"/>

    </flow>
    <sub-flow name="soap_webService_callSub_Flow">
        <dw:transform-message doc:name="Transform Message">
            <dw:set-payload><![CDATA[%dw 1.0
%output application/xml
%namespace ns0 http://cxf.example.org/
---
{
	ns0#getEmployeeDetails: {
		empId: flowVars.empID as :string
	}
}]]></dw:set-payload>
        </dw:transform-message>
        <ws:consumer config-ref="Web_Service_Consumer" operation="getEmployeeDetails" doc:name="Web Service Consumer"/>
        <logger message="Logger after web service mock : #[payload:java.lang.String]  " level="INFO" doc:name="Logger after web service mock"/>
        <logger message="DOJ:      #[xpath('/getEmployeeDetailsResponse/empDoj').text]" level="INFO" doc:name="Logger"/>
        <invoke name="Invoke" object-ref="gratuityService" method="getEligibility" methodArguments="#[xpath('/getEmployeeDetailsResponse/empDoj').text]" methodArgumentTypes="java.lang.String"/>
        <set-session-variable variableName="gratuity_flag" value=" #[payload:java.lang.String] " doc:name="Session Variable"/>
        <logger message=" #[payload:java.lang.String] " level="INFO" doc:name="Logger"/>
        <flow-ref name="Scatter-gatther-flow" doc:name="Scatter-gatther-flow"/>
    </sub-flow>
    <sub-flow name="Scatter-gatther-flow">
        <scatter-gather doc:name="Scatter-Gather">
            <processor-chain>
                <logger level="INFO" doc:name="fetch data for Address"/>
                <db:select config-ref="MySQL_Configuration" doc:name="Address Db">
                    <db:parameterized-query><![CDATA[select * from address where emp_id=#[flowVars.empID]]]></db:parameterized-query>
                </db:select>
                <json:object-to-json-transformer doc:name="Object to JSON"/>
                <logger level="INFO" doc:name="Logger"/>

            </processor-chain>
            <processor-chain>
                <logger level="INFO" doc:name="fetch data for provident fund"/>
                <db:select config-ref="MySQL_Configuration" doc:name="Provident_Fund DB">
                    <db:parameterized-query><![CDATA[select * from employeedb.provident_fund where emp_id=#[flowVars.empID]]]></db:parameterized-query>
                </db:select>
                <dw:transform-message doc:name="Transform Message" metadata:id="399b52dc-96b4-4502-a494-8b6d5286e2b4">
                    <dw:set-payload><![CDATA[%dw 1.0
%output application/xml
---
{
	EmployeeResponse: {
		pfDetails: {
			accountId: payload.id,
			ammount: payload.amount
		}
	}
}]]></dw:set-payload>
                </dw:transform-message>
            </processor-chain>
            <processor-chain>
                <logger level="INFO" doc:name="fetch data from Gratuity Table"/>
                <db:select config-ref="MySQL_Configuration" doc:name="Gratuity DB">
                    <db:parameterized-query><![CDATA[SELECT * FROM employeedb.gratuity where emp_id=#[flowVars.empID];]]></db:parameterized-query>
                </db:select>
                <dw:transform-message doc:name="Transform Message" metadata:id="b3219b34-46d3-46e2-97f0-608f43998816">
                    <dw:set-payload><![CDATA[%dw 1.0
%output application/xml
---
{
	EmployeeResponse: {
		gratuity: {
			accountId: payload.id,
			ammount: payload.amount
		}
	}
}]]></dw:set-payload>
                </dw:transform-message>
            </processor-chain>
        </scatter-gather>
        <flow-ref name="EmployeeResponse" doc:name="Employee Response"/>
    </sub-flow>
    <sub-flow name="EmployeeResponse">
        <json:object-to-json-transformer doc:name="Object to JSON" returnClass="java.util.HashMap"/>
        <logger message="Final Payload : #[payload:java.lang.String]" level="INFO" doc:name="Logger"/>
    </sub-flow>

</mule>
