<?xml version="1.0" encoding="UTF-8"?>

<mule xmlns:dw="http://www.mulesoft.org/schema/mule/ee/dw" xmlns:ws="http://www.mulesoft.org/schema/mule/ws" xmlns:http="http://www.mulesoft.org/schema/mule/http" xmlns="http://www.mulesoft.org/schema/mule/core" xmlns:doc="http://www.mulesoft.org/schema/mule/documentation"
	xmlns:spring="http://www.springframework.org/schema/beans" 
	xmlns:xsi="http://www.w3.org/2001/XMLSchema-instance"
	xsi:schemaLocation="http://www.springframework.org/schema/beans http://www.springframework.org/schema/beans/spring-beans-current.xsd
http://www.mulesoft.org/schema/mule/core http://www.mulesoft.org/schema/mule/core/current/mule.xsd
http://www.mulesoft.org/schema/mule/ws http://www.mulesoft.org/schema/mule/ws/current/mule-ws.xsd
http://www.mulesoft.org/schema/mule/http http://www.mulesoft.org/schema/mule/http/current/mule-http.xsd
http://www.mulesoft.org/schema/mule/ee/dw http://www.mulesoft.org/schema/mule/ee/dw/current/dw.xsd">
    <http:listener-config name="HTTP_Listener_Configuration" host="0.0.0.0" port="8081" doc:name="HTTP Listener Configuration"/>
    <ws:consumer-config name="Web_Service_Consumer" service="EmployeeInterfaceService" port="EmployeeInterfacePort" serviceAddress="http://din56003468:8080/?WSDL" wsdlLocation="employee.xml" doc:name="Web Service Consumer"/>
    <flow name="consumingwebserviceFlow">
        <http:listener config-ref="HTTP_Listener_Configuration" path="/soapweb" allowedMethods="POST,GET" doc:name="HTTP"/>
        <set-variable variableName="empID" value="#[message.inboundProperties.'http.query.params'.empID]" doc:name="Variable"/>
        <dw:transform-message doc:name="Transform Message">
            <dw:set-payload><![CDATA[%dw 1.0
%output application/xml
%namespace ns0 http://buildingwebservice.com/
---
{
	ns0#getEmployeeDOJ: {
		arg0: flowVars.empID as :string
	}
}]]></dw:set-payload>
        </dw:transform-message>
        <ws:consumer config-ref="Web_Service_Consumer" operation="getEmployeeDOJ" doc:name="Web Service Consumer"/>
        <logger level="INFO" doc:name="Logger"/>
    </flow>
</mule>
