<?xml version='1.0' encoding='UTF-8'?><wsdl:definitions xmlns:xsd="http://www.w3.org/2001/XMLSchema" xmlns:wsdl="http://schemas.xmlsoap.org/wsdl/" xmlns:tns="http://buildingwebservice.com/" xmlns:soap="http://schemas.xmlsoap.org/wsdl/soap/" xmlns:ns1="http://schemas.xmlsoap.org/soap/http" name="EmployeeInterfaceService" targetNamespace="http://buildingwebservice.com/">
  <wsdl:types>
<xs:schema xmlns:xs="http://www.w3.org/2001/XMLSchema" xmlns:tns="http://buildingwebservice.com/" elementFormDefault="unqualified" targetNamespace="http://buildingwebservice.com/" version="1.0">

  <xs:element name="getEmployeeDOJ" type="tns:getEmployeeDOJ"/>

  <xs:element name="getEmployeeDOJResponse" type="tns:getEmployeeDOJResponse"/>

  <xs:complexType name="getEmployeeDOJ">
    <xs:sequence>
      <xs:element minOccurs="0" name="empID" type="xs:string" />
    </xs:sequence>
  </xs:complexType>

  <xs:complexType name="getEmployeeDOJResponse">
    <xs:sequence>
      <xs:element minOccurs="0" name="employeeDOJ" type="xs:string" default="07-01-2015"/>
	 <xs:element minOccurs="0" name="employeeName" type="xs:string" default="test"/>
    </xs:sequence>
  </xs:complexType>

</xs:schema>
  </wsdl:types>
  <wsdl:message name="getEmployeeDOJ">
    <wsdl:part element="tns:getEmployeeDOJ" name="parameters">
    </wsdl:part>
  </wsdl:message>
  <wsdl:message name="getEmployeeDOJResponse">
    <wsdl:part element="tns:getEmployeeDOJResponse" name="parameters">
    </wsdl:part>
  </wsdl:message>
  <wsdl:portType name="EmployeeInterface">
    <wsdl:operation name="getEmployeeDOJ">
      <wsdl:input message="tns:getEmployeeDOJ" name="getEmployeeDOJ">
    </wsdl:input>
      <wsdl:output message="tns:getEmployeeDOJResponse" name="getEmployeeDOJResponse">
    </wsdl:output>
    </wsdl:operation>
  </wsdl:portType>
  <wsdl:binding name="EmployeeInterfaceServiceSoapBinding" type="tns:EmployeeInterface">
    <soap:binding style="document" transport="http://schemas.xmlsoap.org/soap/http"/>
    <wsdl:operation name="getEmployeeDOJ">
      <soap:operation soapAction="" style="document"/>
      <wsdl:input name="getEmployeeDOJ">
        <soap:body use="literal"/>
      </wsdl:input>
      <wsdl:output name="getEmployeeDOJResponse">
        <soap:body use="literal"/>
      </wsdl:output>
    </wsdl:operation>
  </wsdl:binding>
  <wsdl:service name="EmployeeInterfaceService">
    <wsdl:port binding="tns:EmployeeInterfaceServiceSoapBinding" name="EmployeeInterfacePort">
      <soap:address location="http://localhost:8081/employee"/>
    </wsdl:port>
  </wsdl:service>
</wsdl:definitions>