<custom__type__definition>
  <version>5.2.0.0</version>
  <typeName class="org.mule.common.metadata.DefaultMetaDataKey">
    <id>csv</id>
    <displayName>csv</displayName>
    <category>DEFAULT</category>
    <metaDataKeyPropertiesManager>
      <properties>
        <org.mule.common.metadata.key.property.dsql.DsqlFromMetaDataKeyProperty/>
      </properties>
    </metaDataKeyPropertiesManager>
  </typeName>
  <metadataModel class="org.mule.common.metadata.DefaultListMetaDataModel">
    <dataType>LIST</dataType>
    <metaDataModelPropertiesManager>
      <properties/>
    </metaDataModelPropertiesManager>
    <model class="org.mule.common.metadata.DefaultStructuredMetadataModel">
      <dataType>CSV</dataType>
      <metaDataModelPropertiesManager>
        <properties>
          <org.mule.common.metadata.property.CSVHasHeadersMetaDataProperty>
            <hasHeaders>true</hasHeaders>
          </org.mule.common.metadata.property.CSVHasHeadersMetaDataProperty>
        </properties>
      </metaDataModelPropertiesManager>
      <fields>
        <org.mule.common.metadata.DefaultMetaDataField>
          <name>policyID</name>
          <model class="org.mule.common.metadata.DefaultSimpleMetaDataModel">
            <dataType>LONG</dataType>
            <metaDataModelPropertiesManager>
              <properties/>
            </metaDataModelPropertiesManager>
          </model>
          <accessType>READ</accessType>
          <metaDataFieldPropertyManager>
            <properties>
              <org.mule.common.metadata.property.LabelMetaDataProperty>
                <label>policyID</label>
              </org.mule.common.metadata.property.LabelMetaDataProperty>
            </properties>
          </metaDataFieldPropertyManager>
        </org.mule.common.metadata.DefaultMetaDataField>
        <org.mule.common.metadata.DefaultMetaDataField>
          <name>statecode</name>
          <model class="org.mule.common.metadata.DefaultSimpleMetaDataModel">
            <dataType>STRING</dataType>
            <metaDataModelPropertiesManager>
              <properties/>
            </metaDataModelPropertiesManager>
          </model>
          <accessType>READ</accessType>
          <metaDataFieldPropertyManager>
            <properties>
              <org.mule.common.metadata.property.LabelMetaDataProperty>
                <label>statecode</label>
              </org.mule.common.metadata.property.LabelMetaDataProperty>
            </properties>
          </metaDataFieldPropertyManager>
        </org.mule.common.metadata.DefaultMetaDataField>
        <org.mule.common.metadata.DefaultMetaDataField>
          <name>county</name>
          <model class="org.mule.common.metadata.DefaultSimpleMetaDataModel">
            <dataType>STRING</dataType>
            <metaDataModelPropertiesManager>
              <properties/>
            </metaDataModelPropertiesManager>
          </model>
          <accessType>READ</accessType>
          <metaDataFieldPropertyManager>
            <properties>
              <org.mule.common.metadata.property.LabelMetaDataProperty>
                <label>county</label>
              </org.mule.common.metadata.property.LabelMetaDataProperty>
            </properties>
          </metaDataFieldPropertyManager>
        </org.mule.common.metadata.DefaultMetaDataField>
        <org.mule.common.metadata.DefaultMetaDataField>
          <name>eq_site_limit</name>
          <model class="org.mule.common.metadata.DefaultSimpleMetaDataModel">
            <dataType>FLOAT</dataType>
            <metaDataModelPropertiesManager>
              <properties/>
            </metaDataModelPropertiesManager>
          </model>
          <accessType>READ</accessType>
          <metaDataFieldPropertyManager>
            <properties>
              <org.mule.common.metadata.property.LabelMetaDataProperty>
                <label>eq_site_limit</label>
              </org.mule.common.metadata.property.LabelMetaDataProperty>
            </properties>
          </metaDataFieldPropertyManager>
        </org.mule.common.metadata.DefaultMetaDataField>
        <org.mule.common.metadata.DefaultMetaDataField>
          <name>hu_site_limit</name>
          <model class="org.mule.common.metadata.DefaultSimpleMetaDataModel">
            <dataType>FLOAT</dataType>
            <metaDataModelPropertiesManager>
              <properties/>
            </metaDataModelPropertiesManager>
          </model>
          <accessType>READ</accessType>
          <metaDataFieldPropertyManager>
            <properties>
              <org.mule.common.metadata.property.LabelMetaDataProperty>
                <label>hu_site_limit</label>
              </org.mule.common.metadata.property.LabelMetaDataProperty>
            </properties>
          </metaDataFieldPropertyManager>
        </org.mule.common.metadata.DefaultMetaDataField>
        <org.mule.common.metadata.DefaultMetaDataField>
          <name>fl_site_limit</name>
          <model class="org.mule.common.metadata.DefaultSimpleMetaDataModel">
            <dataType>FLOAT</dataType>
            <metaDataModelPropertiesManager>
              <properties/>
            </metaDataModelPropertiesManager>
          </model>
          <accessType>READ</accessType>
          <metaDataFieldPropertyManager>
            <properties>
              <org.mule.common.metadata.property.LabelMetaDataProperty>
                <label>fl_site_limit</label>
              </org.mule.common.metadata.property.LabelMetaDataProperty>
            </properties>
          </metaDataFieldPropertyManager>
        </org.mule.common.metadata.DefaultMetaDataField>
        <org.mule.common.metadata.DefaultMetaDataField>
          <name>fr_site_limit</name>
          <model class="org.mule.common.metadata.DefaultSimpleMetaDataModel">
            <dataType>FLOAT</dataType>
            <metaDataModelPropertiesManager>
              <properties/>
            </metaDataModelPropertiesManager>
          </model>
          <accessType>READ</accessType>
          <metaDataFieldPropertyManager>
            <properties>
              <org.mule.common.metadata.property.LabelMetaDataProperty>
                <label>fr_site_limit</label>
              </org.mule.common.metadata.property.LabelMetaDataProperty>
            </properties>
          </metaDataFieldPropertyManager>
        </org.mule.common.metadata.DefaultMetaDataField>
        <org.mule.common.metadata.DefaultMetaDataField>
          <name>tiv_2011</name>
          <model class="org.mule.common.metadata.DefaultSimpleMetaDataModel">
            <dataType>FLOAT</dataType>
            <metaDataModelPropertiesManager>
              <properties/>
            </metaDataModelPropertiesManager>
          </model>
          <accessType>READ</accessType>
          <metaDataFieldPropertyManager>
            <properties>
              <org.mule.common.metadata.property.LabelMetaDataProperty>
                <label>tiv_2011</label>
              </org.mule.common.metadata.property.LabelMetaDataProperty>
            </properties>
          </metaDataFieldPropertyManager>
        </org.mule.common.metadata.DefaultMetaDataField>
        <org.mule.common.metadata.DefaultMetaDataField>
          <name>tiv_2012</name>
          <model class="org.mule.common.metadata.DefaultSimpleMetaDataModel">
            <dataType>FLOAT</dataType>
            <metaDataModelPropertiesManager>
              <properties/>
            </metaDataModelPropertiesManager>
          </model>
          <accessType>READ</accessType>
          <metaDataFieldPropertyManager>
            <properties>
              <org.mule.common.metadata.property.LabelMetaDataProperty>
                <label>tiv_2012</label>
              </org.mule.common.metadata.property.LabelMetaDataProperty>
            </properties>
          </metaDataFieldPropertyManager>
        </org.mule.common.metadata.DefaultMetaDataField>
        <org.mule.common.metadata.DefaultMetaDataField>
          <name>eq_site_deductible</name>
          <model class="org.mule.common.metadata.DefaultSimpleMetaDataModel">
            <dataType>FLOAT</dataType>
            <metaDataModelPropertiesManager>
              <properties/>
            </metaDataModelPropertiesManager>
          </model>
          <accessType>READ</accessType>
          <metaDataFieldPropertyManager>
            <properties>
              <org.mule.common.metadata.property.LabelMetaDataProperty>
                <label>eq_site_deductible</label>
              </org.mule.common.metadata.property.LabelMetaDataProperty>
            </properties>
          </metaDataFieldPropertyManager>
        </org.mule.common.metadata.DefaultMetaDataField>
        <org.mule.common.metadata.DefaultMetaDataField>
          <name>hu_site_deductible</name>
          <model class="org.mule.common.metadata.DefaultSimpleMetaDataModel">
            <dataType>FLOAT</dataType>
            <metaDataModelPropertiesManager>
              <properties/>
            </metaDataModelPropertiesManager>
          </model>
          <accessType>READ</accessType>
          <metaDataFieldPropertyManager>
            <properties>
              <org.mule.common.metadata.property.LabelMetaDataProperty>
                <label>hu_site_deductible</label>
              </org.mule.common.metadata.property.LabelMetaDataProperty>
            </properties>
          </metaDataFieldPropertyManager>
        </org.mule.common.metadata.DefaultMetaDataField>
        <org.mule.common.metadata.DefaultMetaDataField>
          <name>fl_site_deductible</name>
          <model class="org.mule.common.metadata.DefaultSimpleMetaDataModel">
            <dataType>FLOAT</dataType>
            <metaDataModelPropertiesManager>
              <properties/>
            </metaDataModelPropertiesManager>
          </model>
          <accessType>READ</accessType>
          <metaDataFieldPropertyManager>
            <properties>
              <org.mule.common.metadata.property.LabelMetaDataProperty>
                <label>fl_site_deductible</label>
              </org.mule.common.metadata.property.LabelMetaDataProperty>
            </properties>
          </metaDataFieldPropertyManager>
        </org.mule.common.metadata.DefaultMetaDataField>
        <org.mule.common.metadata.DefaultMetaDataField>
          <name>fr_site_deductible</name>
          <model class="org.mule.common.metadata.DefaultSimpleMetaDataModel">
            <dataType>FLOAT</dataType>
            <metaDataModelPropertiesManager>
              <properties/>
            </metaDataModelPropertiesManager>
          </model>
          <accessType>READ</accessType>
          <metaDataFieldPropertyManager>
            <properties>
              <org.mule.common.metadata.property.LabelMetaDataProperty>
                <label>fr_site_deductible</label>
              </org.mule.common.metadata.property.LabelMetaDataProperty>
            </properties>
          </metaDataFieldPropertyManager>
        </org.mule.common.metadata.DefaultMetaDataField>
        <org.mule.common.metadata.DefaultMetaDataField>
          <name>point_latitude</name>
          <model class="org.mule.common.metadata.DefaultSimpleMetaDataModel">
            <dataType>STRING</dataType>
            <metaDataModelPropertiesManager>
              <properties/>
            </metaDataModelPropertiesManager>
          </model>
          <accessType>READ</accessType>
          <metaDataFieldPropertyManager>
            <properties>
              <org.mule.common.metadata.property.LabelMetaDataProperty>
                <label>point_latitude</label>
              </org.mule.common.metadata.property.LabelMetaDataProperty>
            </properties>
          </metaDataFieldPropertyManager>
        </org.mule.common.metadata.DefaultMetaDataField>
        <org.mule.common.metadata.DefaultMetaDataField>
          <name>point_longitude</name>
          <model class="org.mule.common.metadata.DefaultSimpleMetaDataModel">
            <dataType>DOUBLE</dataType>
            <metaDataModelPropertiesManager>
              <properties/>
            </metaDataModelPropertiesManager>
          </model>
          <accessType>READ</accessType>
          <metaDataFieldPropertyManager>
            <properties>
              <org.mule.common.metadata.property.LabelMetaDataProperty>
                <label>point_longitude</label>
              </org.mule.common.metadata.property.LabelMetaDataProperty>
            </properties>
          </metaDataFieldPropertyManager>
        </org.mule.common.metadata.DefaultMetaDataField>
        <org.mule.common.metadata.DefaultMetaDataField>
          <name>line</name>
          <model class="org.mule.common.metadata.DefaultSimpleMetaDataModel">
            <dataType>STRING</dataType>
            <metaDataModelPropertiesManager>
              <properties/>
            </metaDataModelPropertiesManager>
          </model>
          <accessType>READ</accessType>
          <metaDataFieldPropertyManager>
            <properties>
              <org.mule.common.metadata.property.LabelMetaDataProperty>
                <label>line</label>
              </org.mule.common.metadata.property.LabelMetaDataProperty>
            </properties>
          </metaDataFieldPropertyManager>
        </org.mule.common.metadata.DefaultMetaDataField>
        <org.mule.common.metadata.DefaultMetaDataField>
          <name>construction</name>
          <model class="org.mule.common.metadata.DefaultSimpleMetaDataModel">
            <dataType>STRING</dataType>
            <metaDataModelPropertiesManager>
              <properties/>
            </metaDataModelPropertiesManager>
          </model>
          <accessType>READ</accessType>
          <metaDataFieldPropertyManager>
            <properties>
              <org.mule.common.metadata.property.LabelMetaDataProperty>
                <label>construction</label>
              </org.mule.common.metadata.property.LabelMetaDataProperty>
            </properties>
          </metaDataFieldPropertyManager>
        </org.mule.common.metadata.DefaultMetaDataField>
        <org.mule.common.metadata.DefaultMetaDataField>
          <name>point_granularity</name>
          <model class="org.mule.common.metadata.DefaultSimpleMetaDataModel">
            <dataType>INTEGER</dataType>
            <metaDataModelPropertiesManager>
              <properties/>
            </metaDataModelPropertiesManager>
          </model>
          <accessType>READ</accessType>
          <metaDataFieldPropertyManager>
            <properties>
              <org.mule.common.metadata.property.LabelMetaDataProperty>
                <label>point_granularity</label>
              </org.mule.common.metadata.property.LabelMetaDataProperty>
            </properties>
          </metaDataFieldPropertyManager>
        </org.mule.common.metadata.DefaultMetaDataField>
      </fields>
    </model>
    <isArray>false</isArray>
  </metadataModel>
</custom__type__definition>