<custom__type__definition>
  <version>5.2.0.0</version>
  <typeName class="org.mule.common.metadata.DefaultMetaDataKey">
    <id>java</id>
    <displayName>java</displayName>
    <category>DEFAULT</category>
    <metaDataKeyPropertiesManager>
      <properties>
        <org.mule.common.metadata.key.property.dsql.DsqlFromMetaDataKeyProperty/>
      </properties>
    </metaDataKeyPropertiesManager>
  </typeName>
  <metadataModel class="org.mule.common.metadata.DefaultListMetaDataModel">
    <dataType>LIST</dataType>
    <metaDataModelPropertiesManager>
      <properties/>
    </metaDataModelPropertiesManager>
    <model class="org.mule.common.metadata.DefaultPojoMetaDataModel">
      <implementationClass>diablo.batch.Batch</implementationClass>
      <dataType>POJO</dataType>
      <metaDataModelPropertiesManager>
        <properties/>
      </metaDataModelPropertiesManager>
      <fields>
        <org.mule.common.metadata.DefaultMetaDataField>
          <name>construction</name>
          <model class="org.mule.common.metadata.DefaultSimpleMetaDataModel">
            <dataType>STRING</dataType>
            <metaDataModelPropertiesManager>
              <properties/>
            </metaDataModelPropertiesManager>
          </model>
          <accessType>READ_WRITE</accessType>
          <metaDataFieldPropertyManager>
            <properties>
              <org.mule.common.metadata.field.property.dsql.DsqlSelectMetaDataFieldProperty/>
              <org.mule.common.metadata.field.property.dsql.DsqlWhereMetaDataFieldProperty/>
              <org.mule.common.metadata.field.property.dsql.DsqlOrderMetaDataFieldProperty/>
              <org.mule.common.metadata.field.property.dsql.DsqlQueryOperatorsMetaDataFieldProperty>
                <supportedOperators>
                  <org.mule.common.query.expression.LessOperator/>
                  <org.mule.common.query.expression.LessOrEqualsOperator/>
                  <org.mule.common.query.expression.EqualsOperator/>
                  <org.mule.common.query.expression.GreaterOperator/>
                  <org.mule.common.query.expression.GreaterOrEqualsOperator/>
                  <org.mule.common.query.expression.NotEqualsOperator/>
                  <org.mule.common.query.expression.LikeOperator/>
                </supportedOperators>
              </org.mule.common.metadata.field.property.dsql.DsqlQueryOperatorsMetaDataFieldProperty>
            </properties>
          </metaDataFieldPropertyManager>
        </org.mule.common.metadata.DefaultMetaDataField>
        <org.mule.common.metadata.DefaultMetaDataField>
          <name>county</name>
          <model class="org.mule.common.metadata.DefaultSimpleMetaDataModel">
            <dataType>STRING</dataType>
            <metaDataModelPropertiesManager>
              <properties/>
            </metaDataModelPropertiesManager>
          </model>
          <accessType>READ_WRITE</accessType>
          <metaDataFieldPropertyManager>
            <properties>
              <org.mule.common.metadata.field.property.dsql.DsqlSelectMetaDataFieldProperty/>
              <org.mule.common.metadata.field.property.dsql.DsqlWhereMetaDataFieldProperty/>
              <org.mule.common.metadata.field.property.dsql.DsqlOrderMetaDataFieldProperty/>
              <org.mule.common.metadata.field.property.dsql.DsqlQueryOperatorsMetaDataFieldProperty>
                <supportedOperators>
                  <org.mule.common.query.expression.LessOperator/>
                  <org.mule.common.query.expression.LessOrEqualsOperator/>
                  <org.mule.common.query.expression.EqualsOperator/>
                  <org.mule.common.query.expression.GreaterOperator/>
                  <org.mule.common.query.expression.GreaterOrEqualsOperator/>
                  <org.mule.common.query.expression.NotEqualsOperator/>
                  <org.mule.common.query.expression.LikeOperator/>
                </supportedOperators>
              </org.mule.common.metadata.field.property.dsql.DsqlQueryOperatorsMetaDataFieldProperty>
            </properties>
          </metaDataFieldPropertyManager>
        </org.mule.common.metadata.DefaultMetaDataField>
        <org.mule.common.metadata.DefaultMetaDataField>
          <name>eq_site_deductible</name>
          <model class="org.mule.common.metadata.DefaultSimpleMetaDataModel">
            <dataType>DOUBLE</dataType>
            <metaDataModelPropertiesManager>
              <properties/>
            </metaDataModelPropertiesManager>
          </model>
          <accessType>READ_WRITE</accessType>
          <metaDataFieldPropertyManager>
            <properties>
              <org.mule.common.metadata.field.property.dsql.DsqlSelectMetaDataFieldProperty/>
              <org.mule.common.metadata.field.property.dsql.DsqlWhereMetaDataFieldProperty/>
              <org.mule.common.metadata.field.property.dsql.DsqlOrderMetaDataFieldProperty/>
              <org.mule.common.metadata.field.property.dsql.DsqlQueryOperatorsMetaDataFieldProperty>
                <supportedOperators>
                  <org.mule.common.query.expression.LessOperator/>
                  <org.mule.common.query.expression.LessOrEqualsOperator/>
                  <org.mule.common.query.expression.EqualsOperator/>
                  <org.mule.common.query.expression.GreaterOperator/>
                  <org.mule.common.query.expression.GreaterOrEqualsOperator/>
                  <org.mule.common.query.expression.NotEqualsOperator/>
                </supportedOperators>
              </org.mule.common.metadata.field.property.dsql.DsqlQueryOperatorsMetaDataFieldProperty>
            </properties>
          </metaDataFieldPropertyManager>
        </org.mule.common.metadata.DefaultMetaDataField>
        <org.mule.common.metadata.DefaultMetaDataField>
          <name>eq_site_limit</name>
          <model class="org.mule.common.metadata.DefaultSimpleMetaDataModel">
            <dataType>DOUBLE</dataType>
            <metaDataModelPropertiesManager>
              <properties/>
            </metaDataModelPropertiesManager>
          </model>
          <accessType>READ_WRITE</accessType>
          <metaDataFieldPropertyManager>
            <properties>
              <org.mule.common.metadata.field.property.dsql.DsqlSelectMetaDataFieldProperty/>
              <org.mule.common.metadata.field.property.dsql.DsqlWhereMetaDataFieldProperty/>
              <org.mule.common.metadata.field.property.dsql.DsqlOrderMetaDataFieldProperty/>
              <org.mule.common.metadata.field.property.dsql.DsqlQueryOperatorsMetaDataFieldProperty>
                <supportedOperators>
                  <org.mule.common.query.expression.LessOperator/>
                  <org.mule.common.query.expression.LessOrEqualsOperator/>
                  <org.mule.common.query.expression.EqualsOperator/>
                  <org.mule.common.query.expression.GreaterOperator/>
                  <org.mule.common.query.expression.GreaterOrEqualsOperator/>
                  <org.mule.common.query.expression.NotEqualsOperator/>
                </supportedOperators>
              </org.mule.common.metadata.field.property.dsql.DsqlQueryOperatorsMetaDataFieldProperty>
            </properties>
          </metaDataFieldPropertyManager>
        </org.mule.common.metadata.DefaultMetaDataField>
        <org.mule.common.metadata.DefaultMetaDataField>
          <name>fl_site_deductible</name>
          <model class="org.mule.common.metadata.DefaultSimpleMetaDataModel">
            <dataType>DOUBLE</dataType>
            <metaDataModelPropertiesManager>
              <properties/>
            </metaDataModelPropertiesManager>
          </model>
          <accessType>READ_WRITE</accessType>
          <metaDataFieldPropertyManager>
            <properties>
              <org.mule.common.metadata.field.property.dsql.DsqlSelectMetaDataFieldProperty/>
              <org.mule.common.metadata.field.property.dsql.DsqlWhereMetaDataFieldProperty/>
              <org.mule.common.metadata.field.property.dsql.DsqlOrderMetaDataFieldProperty/>
              <org.mule.common.metadata.field.property.dsql.DsqlQueryOperatorsMetaDataFieldProperty>
                <supportedOperators>
                  <org.mule.common.query.expression.LessOperator/>
                  <org.mule.common.query.expression.LessOrEqualsOperator/>
                  <org.mule.common.query.expression.EqualsOperator/>
                  <org.mule.common.query.expression.GreaterOperator/>
                  <org.mule.common.query.expression.GreaterOrEqualsOperator/>
                  <org.mule.common.query.expression.NotEqualsOperator/>
                </supportedOperators>
              </org.mule.common.metadata.field.property.dsql.DsqlQueryOperatorsMetaDataFieldProperty>
            </properties>
          </metaDataFieldPropertyManager>
        </org.mule.common.metadata.DefaultMetaDataField>
        <org.mule.common.metadata.DefaultMetaDataField>
          <name>fl_site_limit</name>
          <model class="org.mule.common.metadata.DefaultSimpleMetaDataModel">
            <dataType>DOUBLE</dataType>
            <metaDataModelPropertiesManager>
              <properties/>
            </metaDataModelPropertiesManager>
          </model>
          <accessType>READ_WRITE</accessType>
          <metaDataFieldPropertyManager>
            <properties>
              <org.mule.common.metadata.field.property.dsql.DsqlSelectMetaDataFieldProperty/>
              <org.mule.common.metadata.field.property.dsql.DsqlWhereMetaDataFieldProperty/>
              <org.mule.common.metadata.field.property.dsql.DsqlOrderMetaDataFieldProperty/>
              <org.mule.common.metadata.field.property.dsql.DsqlQueryOperatorsMetaDataFieldProperty>
                <supportedOperators>
                  <org.mule.common.query.expression.LessOperator/>
                  <org.mule.common.query.expression.LessOrEqualsOperator/>
                  <org.mule.common.query.expression.EqualsOperator/>
                  <org.mule.common.query.expression.GreaterOperator/>
                  <org.mule.common.query.expression.GreaterOrEqualsOperator/>
                  <org.mule.common.query.expression.NotEqualsOperator/>
                </supportedOperators>
              </org.mule.common.metadata.field.property.dsql.DsqlQueryOperatorsMetaDataFieldProperty>
            </properties>
          </metaDataFieldPropertyManager>
        </org.mule.common.metadata.DefaultMetaDataField>
        <org.mule.common.metadata.DefaultMetaDataField>
          <name>fr_site_deductible</name>
          <model class="org.mule.common.metadata.DefaultSimpleMetaDataModel">
            <dataType>DOUBLE</dataType>
            <metaDataModelPropertiesManager>
              <properties/>
            </metaDataModelPropertiesManager>
          </model>
          <accessType>READ_WRITE</accessType>
          <metaDataFieldPropertyManager>
            <properties>
              <org.mule.common.metadata.field.property.dsql.DsqlSelectMetaDataFieldProperty/>
              <org.mule.common.metadata.field.property.dsql.DsqlWhereMetaDataFieldProperty/>
              <org.mule.common.metadata.field.property.dsql.DsqlOrderMetaDataFieldProperty/>
              <org.mule.common.metadata.field.property.dsql.DsqlQueryOperatorsMetaDataFieldProperty>
                <supportedOperators>
                  <org.mule.common.query.expression.LessOperator/>
                  <org.mule.common.query.expression.LessOrEqualsOperator/>
                  <org.mule.common.query.expression.EqualsOperator/>
                  <org.mule.common.query.expression.GreaterOperator/>
                  <org.mule.common.query.expression.GreaterOrEqualsOperator/>
                  <org.mule.common.query.expression.NotEqualsOperator/>
                </supportedOperators>
              </org.mule.common.metadata.field.property.dsql.DsqlQueryOperatorsMetaDataFieldProperty>
            </properties>
          </metaDataFieldPropertyManager>
        </org.mule.common.metadata.DefaultMetaDataField>
        <org.mule.common.metadata.DefaultMetaDataField>
          <name>fr_site_limit</name>
          <model class="org.mule.common.metadata.DefaultSimpleMetaDataModel">
            <dataType>DOUBLE</dataType>
            <metaDataModelPropertiesManager>
              <properties/>
            </metaDataModelPropertiesManager>
          </model>
          <accessType>READ_WRITE</accessType>
          <metaDataFieldPropertyManager>
            <properties>
              <org.mule.common.metadata.field.property.dsql.DsqlSelectMetaDataFieldProperty/>
              <org.mule.common.metadata.field.property.dsql.DsqlWhereMetaDataFieldProperty/>
              <org.mule.common.metadata.field.property.dsql.DsqlOrderMetaDataFieldProperty/>
              <org.mule.common.metadata.field.property.dsql.DsqlQueryOperatorsMetaDataFieldProperty>
                <supportedOperators>
                  <org.mule.common.query.expression.LessOperator/>
                  <org.mule.common.query.expression.LessOrEqualsOperator/>
                  <org.mule.common.query.expression.EqualsOperator/>
                  <org.mule.common.query.expression.GreaterOperator/>
                  <org.mule.common.query.expression.GreaterOrEqualsOperator/>
                  <org.mule.common.query.expression.NotEqualsOperator/>
                </supportedOperators>
              </org.mule.common.metadata.field.property.dsql.DsqlQueryOperatorsMetaDataFieldProperty>
            </properties>
          </metaDataFieldPropertyManager>
        </org.mule.common.metadata.DefaultMetaDataField>
        <org.mule.common.metadata.DefaultMetaDataField>
          <name>hu_site_deductible</name>
          <model class="org.mule.common.metadata.DefaultSimpleMetaDataModel">
            <dataType>DOUBLE</dataType>
            <metaDataModelPropertiesManager>
              <properties/>
            </metaDataModelPropertiesManager>
          </model>
          <accessType>READ_WRITE</accessType>
          <metaDataFieldPropertyManager>
            <properties>
              <org.mule.common.metadata.field.property.dsql.DsqlSelectMetaDataFieldProperty/>
              <org.mule.common.metadata.field.property.dsql.DsqlWhereMetaDataFieldProperty/>
              <org.mule.common.metadata.field.property.dsql.DsqlOrderMetaDataFieldProperty/>
              <org.mule.common.metadata.field.property.dsql.DsqlQueryOperatorsMetaDataFieldProperty>
                <supportedOperators>
                  <org.mule.common.query.expression.LessOperator/>
                  <org.mule.common.query.expression.LessOrEqualsOperator/>
                  <org.mule.common.query.expression.EqualsOperator/>
                  <org.mule.common.query.expression.GreaterOperator/>
                  <org.mule.common.query.expression.GreaterOrEqualsOperator/>
                  <org.mule.common.query.expression.NotEqualsOperator/>
                </supportedOperators>
              </org.mule.common.metadata.field.property.dsql.DsqlQueryOperatorsMetaDataFieldProperty>
            </properties>
          </metaDataFieldPropertyManager>
        </org.mule.common.metadata.DefaultMetaDataField>
        <org.mule.common.metadata.DefaultMetaDataField>
          <name>hu_site_limit</name>
          <model class="org.mule.common.metadata.DefaultSimpleMetaDataModel">
            <dataType>DOUBLE</dataType>
            <metaDataModelPropertiesManager>
              <properties/>
            </metaDataModelPropertiesManager>
          </model>
          <accessType>READ_WRITE</accessType>
          <metaDataFieldPropertyManager>
            <properties>
              <org.mule.common.metadata.field.property.dsql.DsqlSelectMetaDataFieldProperty/>
              <org.mule.common.metadata.field.property.dsql.DsqlWhereMetaDataFieldProperty/>
              <org.mule.common.metadata.field.property.dsql.DsqlOrderMetaDataFieldProperty/>
              <org.mule.common.metadata.field.property.dsql.DsqlQueryOperatorsMetaDataFieldProperty>
                <supportedOperators>
                  <org.mule.common.query.expression.LessOperator/>
                  <org.mule.common.query.expression.LessOrEqualsOperator/>
                  <org.mule.common.query.expression.EqualsOperator/>
                  <org.mule.common.query.expression.GreaterOperator/>
                  <org.mule.common.query.expression.GreaterOrEqualsOperator/>
                  <org.mule.common.query.expression.NotEqualsOperator/>
                </supportedOperators>
              </org.mule.common.metadata.field.property.dsql.DsqlQueryOperatorsMetaDataFieldProperty>
            </properties>
          </metaDataFieldPropertyManager>
        </org.mule.common.metadata.DefaultMetaDataField>
        <org.mule.common.metadata.DefaultMetaDataField>
          <name>line</name>
          <model class="org.mule.common.metadata.DefaultSimpleMetaDataModel">
            <dataType>STRING</dataType>
            <metaDataModelPropertiesManager>
              <properties/>
            </metaDataModelPropertiesManager>
          </model>
          <accessType>READ_WRITE</accessType>
          <metaDataFieldPropertyManager>
            <properties>
              <org.mule.common.metadata.field.property.dsql.DsqlSelectMetaDataFieldProperty/>
              <org.mule.common.metadata.field.property.dsql.DsqlWhereMetaDataFieldProperty/>
              <org.mule.common.metadata.field.property.dsql.DsqlOrderMetaDataFieldProperty/>
              <org.mule.common.metadata.field.property.dsql.DsqlQueryOperatorsMetaDataFieldProperty>
                <supportedOperators>
                  <org.mule.common.query.expression.LessOperator/>
                  <org.mule.common.query.expression.LessOrEqualsOperator/>
                  <org.mule.common.query.expression.EqualsOperator/>
                  <org.mule.common.query.expression.GreaterOperator/>
                  <org.mule.common.query.expression.GreaterOrEqualsOperator/>
                  <org.mule.common.query.expression.NotEqualsOperator/>
                  <org.mule.common.query.expression.LikeOperator/>
                </supportedOperators>
              </org.mule.common.metadata.field.property.dsql.DsqlQueryOperatorsMetaDataFieldProperty>
            </properties>
          </metaDataFieldPropertyManager>
        </org.mule.common.metadata.DefaultMetaDataField>
        <org.mule.common.metadata.DefaultMetaDataField>
          <name>point_granularity</name>
          <model class="org.mule.common.metadata.DefaultSimpleMetaDataModel">
            <dataType>INTEGER</dataType>
            <metaDataModelPropertiesManager>
              <properties/>
            </metaDataModelPropertiesManager>
          </model>
          <accessType>READ_WRITE</accessType>
          <metaDataFieldPropertyManager>
            <properties>
              <org.mule.common.metadata.field.property.dsql.DsqlSelectMetaDataFieldProperty/>
              <org.mule.common.metadata.field.property.dsql.DsqlWhereMetaDataFieldProperty/>
              <org.mule.common.metadata.field.property.dsql.DsqlOrderMetaDataFieldProperty/>
              <org.mule.common.metadata.field.property.dsql.DsqlQueryOperatorsMetaDataFieldProperty>
                <supportedOperators>
                  <org.mule.common.query.expression.LessOperator/>
                  <org.mule.common.query.expression.LessOrEqualsOperator/>
                  <org.mule.common.query.expression.EqualsOperator/>
                  <org.mule.common.query.expression.GreaterOperator/>
                  <org.mule.common.query.expression.GreaterOrEqualsOperator/>
                  <org.mule.common.query.expression.NotEqualsOperator/>
                </supportedOperators>
              </org.mule.common.metadata.field.property.dsql.DsqlQueryOperatorsMetaDataFieldProperty>
            </properties>
          </metaDataFieldPropertyManager>
        </org.mule.common.metadata.DefaultMetaDataField>
        <org.mule.common.metadata.DefaultMetaDataField>
          <name>point_latitude</name>
          <model class="org.mule.common.metadata.DefaultSimpleMetaDataModel">
            <dataType>DOUBLE</dataType>
            <metaDataModelPropertiesManager>
              <properties/>
            </metaDataModelPropertiesManager>
          </model>
          <accessType>READ_WRITE</accessType>
          <metaDataFieldPropertyManager>
            <properties>
              <org.mule.common.metadata.field.property.dsql.DsqlSelectMetaDataFieldProperty/>
              <org.mule.common.metadata.field.property.dsql.DsqlWhereMetaDataFieldProperty/>
              <org.mule.common.metadata.field.property.dsql.DsqlOrderMetaDataFieldProperty/>
              <org.mule.common.metadata.field.property.dsql.DsqlQueryOperatorsMetaDataFieldProperty>
                <supportedOperators>
                  <org.mule.common.query.expression.LessOperator/>
                  <org.mule.common.query.expression.LessOrEqualsOperator/>
                  <org.mule.common.query.expression.EqualsOperator/>
                  <org.mule.common.query.expression.GreaterOperator/>
                  <org.mule.common.query.expression.GreaterOrEqualsOperator/>
                  <org.mule.common.query.expression.NotEqualsOperator/>
                </supportedOperators>
              </org.mule.common.metadata.field.property.dsql.DsqlQueryOperatorsMetaDataFieldProperty>
            </properties>
          </metaDataFieldPropertyManager>
        </org.mule.common.metadata.DefaultMetaDataField>
        <org.mule.common.metadata.DefaultMetaDataField>
          <name>point_longitude</name>
          <model class="org.mule.common.metadata.DefaultSimpleMetaDataModel">
            <dataType>DOUBLE</dataType>
            <metaDataModelPropertiesManager>
              <properties/>
            </metaDataModelPropertiesManager>
          </model>
          <accessType>READ_WRITE</accessType>
          <metaDataFieldPropertyManager>
            <properties>
              <org.mule.common.metadata.field.property.dsql.DsqlSelectMetaDataFieldProperty/>
              <org.mule.common.metadata.field.property.dsql.DsqlWhereMetaDataFieldProperty/>
              <org.mule.common.metadata.field.property.dsql.DsqlOrderMetaDataFieldProperty/>
              <org.mule.common.metadata.field.property.dsql.DsqlQueryOperatorsMetaDataFieldProperty>
                <supportedOperators>
                  <org.mule.common.query.expression.LessOperator/>
                  <org.mule.common.query.expression.LessOrEqualsOperator/>
                  <org.mule.common.query.expression.EqualsOperator/>
                  <org.mule.common.query.expression.GreaterOperator/>
                  <org.mule.common.query.expression.GreaterOrEqualsOperator/>
                  <org.mule.common.query.expression.NotEqualsOperator/>
                </supportedOperators>
              </org.mule.common.metadata.field.property.dsql.DsqlQueryOperatorsMetaDataFieldProperty>
            </properties>
          </metaDataFieldPropertyManager>
        </org.mule.common.metadata.DefaultMetaDataField>
        <org.mule.common.metadata.DefaultMetaDataField>
          <name>policyID</name>
          <model class="org.mule.common.metadata.DefaultSimpleMetaDataModel">
            <dataType>INTEGER</dataType>
            <metaDataModelPropertiesManager>
              <properties/>
            </metaDataModelPropertiesManager>
          </model>
          <accessType>READ_WRITE</accessType>
          <metaDataFieldPropertyManager>
            <properties>
              <org.mule.common.metadata.field.property.dsql.DsqlSelectMetaDataFieldProperty/>
              <org.mule.common.metadata.field.property.dsql.DsqlWhereMetaDataFieldProperty/>
              <org.mule.common.metadata.field.property.dsql.DsqlOrderMetaDataFieldProperty/>
              <org.mule.common.metadata.field.property.dsql.DsqlQueryOperatorsMetaDataFieldProperty>
                <supportedOperators>
                  <org.mule.common.query.expression.LessOperator/>
                  <org.mule.common.query.expression.LessOrEqualsOperator/>
                  <org.mule.common.query.expression.EqualsOperator/>
                  <org.mule.common.query.expression.GreaterOperator/>
                  <org.mule.common.query.expression.GreaterOrEqualsOperator/>
                  <org.mule.common.query.expression.NotEqualsOperator/>
                </supportedOperators>
              </org.mule.common.metadata.field.property.dsql.DsqlQueryOperatorsMetaDataFieldProperty>
            </properties>
          </metaDataFieldPropertyManager>
        </org.mule.common.metadata.DefaultMetaDataField>
        <org.mule.common.metadata.DefaultMetaDataField>
          <name>statecode</name>
          <model class="org.mule.common.metadata.DefaultSimpleMetaDataModel">
            <dataType>STRING</dataType>
            <metaDataModelPropertiesManager>
              <properties/>
            </metaDataModelPropertiesManager>
          </model>
          <accessType>READ_WRITE</accessType>
          <metaDataFieldPropertyManager>
            <properties>
              <org.mule.common.metadata.field.property.dsql.DsqlSelectMetaDataFieldProperty/>
              <org.mule.common.metadata.field.property.dsql.DsqlWhereMetaDataFieldProperty/>
              <org.mule.common.metadata.field.property.dsql.DsqlOrderMetaDataFieldProperty/>
              <org.mule.common.metadata.field.property.dsql.DsqlQueryOperatorsMetaDataFieldProperty>
                <supportedOperators>
                  <org.mule.common.query.expression.LessOperator/>
                  <org.mule.common.query.expression.LessOrEqualsOperator/>
                  <org.mule.common.query.expression.EqualsOperator/>
                  <org.mule.common.query.expression.GreaterOperator/>
                  <org.mule.common.query.expression.GreaterOrEqualsOperator/>
                  <org.mule.common.query.expression.NotEqualsOperator/>
                  <org.mule.common.query.expression.LikeOperator/>
                </supportedOperators>
              </org.mule.common.metadata.field.property.dsql.DsqlQueryOperatorsMetaDataFieldProperty>
            </properties>
          </metaDataFieldPropertyManager>
        </org.mule.common.metadata.DefaultMetaDataField>
        <org.mule.common.metadata.DefaultMetaDataField>
          <name>tiv_2011</name>
          <model class="org.mule.common.metadata.DefaultSimpleMetaDataModel">
            <dataType>DOUBLE</dataType>
            <metaDataModelPropertiesManager>
              <properties/>
            </metaDataModelPropertiesManager>
          </model>
          <accessType>READ_WRITE</accessType>
          <metaDataFieldPropertyManager>
            <properties>
              <org.mule.common.metadata.field.property.dsql.DsqlSelectMetaDataFieldProperty/>
              <org.mule.common.metadata.field.property.dsql.DsqlWhereMetaDataFieldProperty/>
              <org.mule.common.metadata.field.property.dsql.DsqlOrderMetaDataFieldProperty/>
              <org.mule.common.metadata.field.property.dsql.DsqlQueryOperatorsMetaDataFieldProperty>
                <supportedOperators>
                  <org.mule.common.query.expression.LessOperator/>
                  <org.mule.common.query.expression.LessOrEqualsOperator/>
                  <org.mule.common.query.expression.EqualsOperator/>
                  <org.mule.common.query.expression.GreaterOperator/>
                  <org.mule.common.query.expression.GreaterOrEqualsOperator/>
                  <org.mule.common.query.expression.NotEqualsOperator/>
                </supportedOperators>
              </org.mule.common.metadata.field.property.dsql.DsqlQueryOperatorsMetaDataFieldProperty>
            </properties>
          </metaDataFieldPropertyManager>
        </org.mule.common.metadata.DefaultMetaDataField>
        <org.mule.common.metadata.DefaultMetaDataField>
          <name>tiv_2012</name>
          <model class="org.mule.common.metadata.DefaultSimpleMetaDataModel">
            <dataType>DOUBLE</dataType>
            <metaDataModelPropertiesManager>
              <properties/>
            </metaDataModelPropertiesManager>
          </model>
          <accessType>READ_WRITE</accessType>
          <metaDataFieldPropertyManager>
            <properties>
              <org.mule.common.metadata.field.property.dsql.DsqlSelectMetaDataFieldProperty/>
              <org.mule.common.metadata.field.property.dsql.DsqlWhereMetaDataFieldProperty/>
              <org.mule.common.metadata.field.property.dsql.DsqlOrderMetaDataFieldProperty/>
              <org.mule.common.metadata.field.property.dsql.DsqlQueryOperatorsMetaDataFieldProperty>
                <supportedOperators>
                  <org.mule.common.query.expression.LessOperator/>
                  <org.mule.common.query.expression.LessOrEqualsOperator/>
                  <org.mule.common.query.expression.EqualsOperator/>
                  <org.mule.common.query.expression.GreaterOperator/>
                  <org.mule.common.query.expression.GreaterOrEqualsOperator/>
                  <org.mule.common.query.expression.NotEqualsOperator/>
                </supportedOperators>
              </org.mule.common.metadata.field.property.dsql.DsqlQueryOperatorsMetaDataFieldProperty>
            </properties>
          </metaDataFieldPropertyManager>
        </org.mule.common.metadata.DefaultMetaDataField>
      </fields>
      <clazzName>diablo.batch.Batch</clazzName>
      <isInterface>false</isInterface>
      <name>Batch</name>
      <parentNames class="linked-hash-set">
        <string>java.lang.Object</string>
      </parentNames>
    </model>
    <isArray>false</isArray>
  </metadataModel>
</custom__type__definition>