<?xml version="1.0" encoding="UTF-8"?>

<mule xmlns:metadata="http://www.mulesoft.org/schema/mule/metadata" xmlns:dw="http://www.mulesoft.org/schema/mule/ee/dw" xmlns:json="http://www.mulesoft.org/schema/mule/json" xmlns:db="http://www.mulesoft.org/schema/mule/db" xmlns:http="http://www.mulesoft.org/schema/mule/http" xmlns:tracking="http://www.mulesoft.org/schema/mule/ee/tracking" xmlns="http://www.mulesoft.org/schema/mule/core" xmlns:doc="http://www.mulesoft.org/schema/mule/documentation"
	xmlns:spring="http://www.springframework.org/schema/beans" 
	xmlns:xsi="http://www.w3.org/2001/XMLSchema-instance"
	xsi:schemaLocation="http://www.springframework.org/schema/beans http://www.springframework.org/schema/beans/spring-beans-current.xsd
http://www.mulesoft.org/schema/mule/core http://www.mulesoft.org/schema/mule/core/current/mule.xsd
http://www.mulesoft.org/schema/mule/http http://www.mulesoft.org/schema/mule/http/current/mule-http.xsd
http://www.mulesoft.org/schema/mule/ee/tracking http://www.mulesoft.org/schema/mule/ee/tracking/current/mule-tracking-ee.xsd
http://www.mulesoft.org/schema/mule/db http://www.mulesoft.org/schema/mule/db/current/mule-db.xsd
http://www.mulesoft.org/schema/mule/json http://www.mulesoft.org/schema/mule/json/current/mule-json.xsd
http://www.mulesoft.org/schema/mule/ee/dw http://www.mulesoft.org/schema/mule/ee/dw/current/dw.xsd">
    <db:mysql-config name="MySQL_Configuration" host="localhost" port="3306" user="root" password="root" database="hfe4db" doc:name="MySQL Configuration"/>
    <spring:beans>
        <spring:bean id="strToJson" name="strToJson" class="hfe4_login_v1.StrToJson"/>
    </spring:beans>
 <!--    <spring:beans>
        <spring:bean id="checkuser" name="checkUser" class="hfe4_login.Checkuser"/>
    </spring:beans> -->
    <flow name="user_info_ref_flow">
        <logger message="user info impl called #[payload]" level="INFO" doc:name="Logger"/>
        <db:select config-ref="MySQL_Configuration" doc:name="Database">
            <db:parameterized-query><![CDATA[select * from User_details;]]></db:parameterized-query>
        </db:select>
        <logger message="user info fetch from DB:  #[payload]" level="INFO" doc:name="Logger"/>
    </flow>
    <flow name="user_login_ref_flow">
        <logger message="user login impl called:  #[message.inboundProperties.'http.query.params'.username] and Password = #[message.inboundProperties.'http.query.params'.password];" level="INFO" doc:name="Logger"/>
        <db:select config-ref="MySQL_Configuration" doc:name="Database">
            <db:parameterized-query><![CDATA[select * from User_details where UserName= #[message.inboundProperties.'http.query.params'.username] and Password = #[message.inboundProperties.'http.query.params'.password];]]></db:parameterized-query>
        </db:select>
        <logger message="fetch data from Db : #[payload]" level="INFO" doc:name="Logger"/>
        <choice doc:name="Choice">
            <when expression="#[!payload.isEmpty()]">
                <set-payload value="{
&quot;flag&quot;:  &quot;true&quot;
}" doc:name="Set Payload"/>
            </when>
            <otherwise>
                <logger message="Invalid UserName  : #[message.inboundProperties.'http.query.params'.username]" level="INFO" doc:name="Logger"/>
                <set-payload value="{ &quot;flag&quot; : &quot;false&quot; }" doc:name="Set Payload"/>
            </otherwise>
        </choice>
    </flow>
    <flow name="user_registr_ref_flow">
        <logger message="user registration impl called:   #[payload]" level="INFO" doc:name="Logger"/>
        <logger message="INBOUND :  #[message.inboundProperties]    host: #[message.inboundProperties.'host']   address :  #[message.inboundProperties.'http.remote.address'] header values::  #[message.inboundProperties.'http.remote.address']  and serverTime : #[server.dateTime.withTimeZone('UTC').format('YYYY-MM-dd HH:mm:ss')]" level="INFO" doc:name="Logger"/>
        <object-to-string-transformer doc:name="Object to String"/>
        <logger message="logger1 : #[payload]" level="INFO" doc:name="Logger"/>
        <logger message="logger2 : #[payload]" level="INFO" doc:name="Logger"/>
        <set-variable variableName="mypayload" value="#[payload]" doc:name="Variable"/>
        <invoke name="Invoke" object-ref="strToJson" method="convert" methodArguments="#[flowVars.mypayload:java.lang.String]" methodArgumentTypes="java.lang.String" doc:name="Invoke"/>
        <json:json-to-object-transformer returnClass="java.util.Map" doc:name="JSON to Object"/>
        <set-variable variableName="regPayload" value="#[payload]" doc:name="Variable to hold Actual payload"/>
        <logger message="Variable to hold Actual payload : #[payload]" level="INFO" doc:name="Logger"/>
        <db:select config-ref="MySQL_Configuration" doc:name="Database">
            <db:parameterized-query><![CDATA[select ID from User_details where UserName= #[payload.UserName] and Password = #[payload.Password];]]></db:parameterized-query>
        </db:select>
        <logger message="Return Count of ID :  #[payload.isEmpty()]" level="INFO" doc:name="Logger"/>
        <!-- <invoke name="checkUsers" object-ref="checkUser" method="userStatus" methodArguments="#[payload]" doc:name="Invoke"/> -->
        <choice  doc:name="Choice">
            <when expression="#[payload.isEmpty()]">
                <logger message="new User registeration logger called in Choice: with Payload :::  #[payload]" level="INFO" doc:name="Logger"/>
                <logger message="logger to check flow var:  #[flowVars.regPayload.UserName]" level="INFO" doc:name="logger to check flow var"/>
                <db:insert config-ref="MySQL_Configuration" doc:name="Database">
                    <db:parameterized-query><![CDATA[INSERT INTO user_details
(`UserName`,
`Password`,
`AccountType`,
`Gender`,
`EmailId`,
`Dob`)
VALUES
( #[flowVars.regPayload.UserName],
 #[flowVars.regPayload.Password],
 #[flowVars.regPayload.AccountType],
 #[flowVars.regPayload.Gender],
 #[flowVars.regPayload.EmailId],
 #[flowVars.regPayload.Dob]
);]]></db:parameterized-query>
                </db:insert>
                <async doc:name="Async">
                    <db:insert config-ref="MySQL_Configuration" doc:name="Audit Database">
                        <db:parameterized-query><![CDATA[INSERT INTO `hfe4db`.`audit_user`
(`id_audit_user`,
`ip_address`,
`method_Type`,
`user_creation_time`
)
VALUES
(
(select ID from User_details where UserName= #[flowVars.regPayload.UserName] and Password =  #[flowVars.regPayload.Password]),
#[message.inboundProperties.'host'],
#[message.inboundProperties.'http.method'],
#[server.dateTime.withTimeZone('UTC').format('YYYY-MM-dd HH:mm:ss')]
);]]></db:parameterized-query>
                    </db:insert>
                </async>
                <set-payload value="{ &quot;message&quot; : &quot;New User Registered Successfully !!!!&quot; }" doc:name="Set Payload"/>
            </when>
            <otherwise>
                <logger message="User Already Registered with ID :   #[payload.get(0).ID]" level="INFO" doc:name="Logger"/>
                <set-payload value="{
&quot;message&quot; : &quot;User Already Registered with ID :  #[payload.get(0).ID]&quot;
}" doc:name="Set Payload"/>
            </otherwise>
        </choice>
        <logger message="after new User Regisration in DB :  #[payload]" level="INFO" doc:name="Logger"/>
    </flow>
</mule>
