<metadata__catalog__entry>
  <version>5.2.0.0</version>
  <types class="tree-map">
    <entry>
      <org.mule.common.metadata.DefaultMetaDataKey>
        <id>getEmployeeBasicDetails</id>
        <displayName>getEmployeeBasicDetails</displayName>
        <category>DEFAULT</category>
        <metaDataKeyPropertiesManager>
          <properties>
            <org.mule.common.metadata.key.property.dsql.DsqlFromMetaDataKeyProperty/>
          </properties>
        </metaDataKeyPropertiesManager>
      </org.mule.common.metadata.DefaultMetaDataKey>
      <org.mule.common.metadata.DefaultXmlMetaDataModel>
        <dataType>XML</dataType>
        <metaDataModelPropertiesManager>
          <properties>
            <org.mule.common.metadata.property.TextBasedExampleMetaDataModelProperty/>
            <org.mule.common.metadata.property.xml.SchemaTypeMetaDataProperty>
              <typeQName>
                <namespaceURI>http://cxf.example.org/</namespaceURI>
                <localPart>getEmployeeBasicDetails</localPart>
                <prefix></prefix>
              </typeQName>
            </org.mule.common.metadata.property.xml.SchemaTypeMetaDataProperty>
            <org.mule.common.metadata.property.StructureIdentifierMetaDataModelProperty>
              <metaDataKey class="org.mule.common.metadata.DefaultMetaDataKey" reference="../../../../../org.mule.common.metadata.DefaultMetaDataKey"/>
              <derivedStructure>false</derivedStructure>
              <generatedStructure>false</generatedStructure>
            </org.mule.common.metadata.property.StructureIdentifierMetaDataModelProperty>
          </properties>
        </metaDataModelPropertiesManager>
        <fields>
          <org.mule.common.metadata.DefaultMetaDataField>
            <name>arg0</name>
            <model class="org.mule.common.metadata.DefaultSimpleMetaDataModel">
              <dataType>STRING</dataType>
              <metaDataModelPropertiesManager>
                <properties>
                  <org.mule.common.metadata.property.xml.SchemaTypeMetaDataProperty>
                    <typeQName>
                      <namespaceURI>http://www.w3.org/2001/XMLSchema</namespaceURI>
                      <localPart>string</localPart>
                      <prefix></prefix>
                    </typeQName>
                  </org.mule.common.metadata.property.xml.SchemaTypeMetaDataProperty>
                </properties>
              </metaDataModelPropertiesManager>
            </model>
            <accessType>READ_WRITE</accessType>
            <metaDataFieldPropertyManager>
              <properties>
                <org.mule.common.metadata.property.QNameMetaDataProperty>
                  <name>
                    <namespaceURI></namespaceURI>
                    <localPart>arg0</localPart>
                    <prefix></prefix>
                  </name>
                </org.mule.common.metadata.property.QNameMetaDataProperty>
              </properties>
            </metaDataFieldPropertyManager>
          </org.mule.common.metadata.DefaultMetaDataField>
          <org.mule.common.metadata.DefaultMetaDataField>
            <name>arg1</name>
            <model class="org.mule.common.metadata.DefaultSimpleMetaDataModel">
              <dataType>STRING</dataType>
              <metaDataModelPropertiesManager>
                <properties>
                  <org.mule.common.metadata.property.xml.SchemaTypeMetaDataProperty>
                    <typeQName reference="../../../../../../org.mule.common.metadata.DefaultMetaDataField/model/metaDataModelPropertiesManager/properties/org.mule.common.metadata.property.xml.SchemaTypeMetaDataProperty/typeQName"/>
                  </org.mule.common.metadata.property.xml.SchemaTypeMetaDataProperty>
                </properties>
              </metaDataModelPropertiesManager>
            </model>
            <accessType>READ_WRITE</accessType>
            <metaDataFieldPropertyManager>
              <properties>
                <org.mule.common.metadata.property.QNameMetaDataProperty>
                  <name>
                    <namespaceURI></namespaceURI>
                    <localPart>arg1</localPart>
                    <prefix></prefix>
                  </name>
                </org.mule.common.metadata.property.QNameMetaDataProperty>
              </properties>
            </metaDataFieldPropertyManager>
          </org.mule.common.metadata.DefaultMetaDataField>
        </fields>
        <rootElement>
          <namespaceURI>http://cxf.example.org/</namespaceURI>
          <localPart>getEmployeeBasicDetails</localPart>
          <prefix>ns0</prefix>
        </rootElement>
        <schemas class="org.mule.common.metadata.StringBasedSchemaProvider">
          <schemas>
            <string>&lt;?xml version=&quot;1.0&quot; encoding=&quot;UTF-8&quot;?&gt;&lt;xs:schema xmlns:xs=&quot;http://www.w3.org/2001/XMLSchema&quot; xmlns:ns1=&quot;http://schemas.xmlsoap.org/soap/http&quot; xmlns:soap=&quot;http://schemas.xmlsoap.org/wsdl/soap/&quot; xmlns:tns=&quot;http://cxf.example.org/&quot; xmlns:wsdl=&quot;http://schemas.xmlsoap.org/wsdl/&quot; xmlns:xsd=&quot;http://www.w3.org/2001/XMLSchema&quot; elementFormDefault=&quot;unqualified&quot; targetNamespace=&quot;http://cxf.example.org/&quot; version=&quot;1.0&quot;&gt;&#xd;
&#xd;
  &lt;xs:element name=&quot;getEmployeeBasicDetails&quot; type=&quot;tns:getEmployeeBasicDetails&quot;/&gt;&#xd;
&#xd;
  &lt;xs:element name=&quot;getEmployeeBasicDetailsResponse&quot; type=&quot;tns:getEmployeeBasicDetailsResponse&quot;/&gt;&#xd;
&#xd;
  &lt;xs:complexType name=&quot;getEmployeeBasicDetails&quot;&gt;&#xd;
    &lt;xs:sequence&gt;&#xd;
      &lt;xs:element minOccurs=&quot;0&quot; name=&quot;arg0&quot; type=&quot;xs:string&quot;/&gt;&#xd;
      &lt;xs:element minOccurs=&quot;0&quot; name=&quot;arg1&quot; type=&quot;xs:string&quot;/&gt;&#xd;
    &lt;/xs:sequence&gt;&#xd;
  &lt;/xs:complexType&gt;&#xd;
&#xd;
  &lt;xs:complexType name=&quot;getEmployeeBasicDetailsResponse&quot;&gt;&#xd;
    &lt;xs:sequence&gt;&#xd;
      &lt;xs:element minOccurs=&quot;0&quot; name=&quot;return&quot; type=&quot;tns:hashMap&quot;/&gt;&#xd;
    &lt;/xs:sequence&gt;&#xd;
  &lt;/xs:complexType&gt;&#xd;
&#xd;
  &lt;xs:complexType name=&quot;hashMap&quot;&gt;&#xd;
    &lt;xs:complexContent&gt;&#xd;
      &lt;xs:extension base=&quot;tns:abstractMap&quot;&gt;&#xd;
        &lt;xs:sequence/&gt;&#xd;
      &lt;/xs:extension&gt;&#xd;
    &lt;/xs:complexContent&gt;&#xd;
  &lt;/xs:complexType&gt;&#xd;
&#xd;
  &lt;xs:complexType abstract=&quot;true&quot; name=&quot;abstractMap&quot;&gt;&#xd;
    &lt;xs:sequence/&gt;&#xd;
  &lt;/xs:complexType&gt;&#xd;
&#xd;
&lt;/xs:schema&gt;</string>
          </schemas>
          <encoding>windows-1252</encoding>
          <baseUri>file:/D:/Users/vinkushw/Desktop/webservices/ConsumeWebService/ConsumeWebService/src/main/resources/example.wsdl</baseUri>
        </schemas>
        <namespaceManager>
          <namespacePrefix>
            <entry>
              <string>http://cxf.example.org/</string>
              <string>ns0</string>
            </entry>
          </namespacePrefix>
        </namespaceManager>
      </org.mule.common.metadata.DefaultXmlMetaDataModel>
    </entry>
    <entry>
      <org.mule.common.metadata.DefaultMetaDataKey>
        <id>getEmployeeBasicDetailsResponse</id>
        <displayName>getEmployeeBasicDetailsResponse</displayName>
        <category>DEFAULT</category>
        <metaDataKeyPropertiesManager>
          <properties>
            <org.mule.common.metadata.key.property.dsql.DsqlFromMetaDataKeyProperty/>
          </properties>
        </metaDataKeyPropertiesManager>
      </org.mule.common.metadata.DefaultMetaDataKey>
      <org.mule.common.metadata.DefaultXmlMetaDataModel>
        <dataType>XML</dataType>
        <metaDataModelPropertiesManager>
          <properties>
            <org.mule.common.metadata.property.TextBasedExampleMetaDataModelProperty/>
            <org.mule.common.metadata.property.xml.SchemaTypeMetaDataProperty>
              <typeQName>
                <namespaceURI>http://cxf.example.org/</namespaceURI>
                <localPart>getEmployeeBasicDetailsResponse</localPart>
                <prefix></prefix>
              </typeQName>
            </org.mule.common.metadata.property.xml.SchemaTypeMetaDataProperty>
            <org.mule.common.metadata.property.StructureIdentifierMetaDataModelProperty>
              <metaDataKey class="org.mule.common.metadata.DefaultMetaDataKey" reference="../../../../../org.mule.common.metadata.DefaultMetaDataKey"/>
              <derivedStructure>false</derivedStructure>
              <generatedStructure>false</generatedStructure>
            </org.mule.common.metadata.property.StructureIdentifierMetaDataModelProperty>
          </properties>
        </metaDataModelPropertiesManager>
        <fields>
          <org.mule.common.metadata.DefaultMetaDataField>
            <name>return</name>
            <model class="org.mule.common.metadata.DefaultXmlMetaDataModel">
              <dataType>XML</dataType>
              <metaDataModelPropertiesManager>
                <properties>
                  <org.mule.common.metadata.property.xml.SchemaTypeMetaDataProperty>
                    <typeQName>
                      <namespaceURI>http://cxf.example.org/</namespaceURI>
                      <localPart>hashMap</localPart>
                      <prefix></prefix>
                    </typeQName>
                  </org.mule.common.metadata.property.xml.SchemaTypeMetaDataProperty>
                </properties>
              </metaDataModelPropertiesManager>
              <fields/>
              <rootElement>
                <namespaceURI>http://cxf.example.org/</namespaceURI>
                <localPart>getEmployeeBasicDetailsResponse</localPart>
                <prefix>ns0</prefix>
              </rootElement>
              <schemas class="org.mule.common.metadata.StringBasedSchemaProvider">
                <schemas>
                  <string>&lt;?xml version=&quot;1.0&quot; encoding=&quot;UTF-8&quot;?&gt;&lt;xs:schema xmlns:xs=&quot;http://www.w3.org/2001/XMLSchema&quot; xmlns:ns1=&quot;http://schemas.xmlsoap.org/soap/http&quot; xmlns:soap=&quot;http://schemas.xmlsoap.org/wsdl/soap/&quot; xmlns:tns=&quot;http://cxf.example.org/&quot; xmlns:wsdl=&quot;http://schemas.xmlsoap.org/wsdl/&quot; xmlns:xsd=&quot;http://www.w3.org/2001/XMLSchema&quot; elementFormDefault=&quot;unqualified&quot; targetNamespace=&quot;http://cxf.example.org/&quot; version=&quot;1.0&quot;&gt;&#xd;
&#xd;
  &lt;xs:element name=&quot;getEmployeeBasicDetails&quot; type=&quot;tns:getEmployeeBasicDetails&quot;/&gt;&#xd;
&#xd;
  &lt;xs:element name=&quot;getEmployeeBasicDetailsResponse&quot; type=&quot;tns:getEmployeeBasicDetailsResponse&quot;/&gt;&#xd;
&#xd;
  &lt;xs:complexType name=&quot;getEmployeeBasicDetails&quot;&gt;&#xd;
    &lt;xs:sequence&gt;&#xd;
      &lt;xs:element minOccurs=&quot;0&quot; name=&quot;arg0&quot; type=&quot;xs:string&quot;/&gt;&#xd;
      &lt;xs:element minOccurs=&quot;0&quot; name=&quot;arg1&quot; type=&quot;xs:string&quot;/&gt;&#xd;
    &lt;/xs:sequence&gt;&#xd;
  &lt;/xs:complexType&gt;&#xd;
&#xd;
  &lt;xs:complexType name=&quot;getEmployeeBasicDetailsResponse&quot;&gt;&#xd;
    &lt;xs:sequence&gt;&#xd;
      &lt;xs:element minOccurs=&quot;0&quot; name=&quot;return&quot; type=&quot;tns:hashMap&quot;/&gt;&#xd;
    &lt;/xs:sequence&gt;&#xd;
  &lt;/xs:complexType&gt;&#xd;
&#xd;
  &lt;xs:complexType name=&quot;hashMap&quot;&gt;&#xd;
    &lt;xs:complexContent&gt;&#xd;
      &lt;xs:extension base=&quot;tns:abstractMap&quot;&gt;&#xd;
        &lt;xs:sequence/&gt;&#xd;
      &lt;/xs:extension&gt;&#xd;
    &lt;/xs:complexContent&gt;&#xd;
  &lt;/xs:complexType&gt;&#xd;
&#xd;
  &lt;xs:complexType abstract=&quot;true&quot; name=&quot;abstractMap&quot;&gt;&#xd;
    &lt;xs:sequence/&gt;&#xd;
  &lt;/xs:complexType&gt;&#xd;
&#xd;
&lt;/xs:schema&gt;</string>
                </schemas>
                <encoding reference="../../../../../../../entry/org.mule.common.metadata.DefaultXmlMetaDataModel/schemas/encoding"/>
                <baseUri>file:/D:/Users/vinkushw/Desktop/webservices/ConsumeWebService/ConsumeWebService/src/main/resources/example.wsdl</baseUri>
              </schemas>
              <namespaceManager>
                <namespacePrefix>
                  <entry>
                    <string>http://cxf.example.org/</string>
                    <string>ns0</string>
                  </entry>
                </namespacePrefix>
              </namespaceManager>
            </model>
            <accessType>READ_WRITE</accessType>
            <metaDataFieldPropertyManager>
              <properties>
                <org.mule.common.metadata.property.QNameMetaDataProperty>
                  <name>
                    <namespaceURI></namespaceURI>
                    <localPart>return</localPart>
                    <prefix></prefix>
                  </name>
                </org.mule.common.metadata.property.QNameMetaDataProperty>
              </properties>
            </metaDataFieldPropertyManager>
          </org.mule.common.metadata.DefaultMetaDataField>
        </fields>
        <rootElement>
          <namespaceURI>http://cxf.example.org/</namespaceURI>
          <localPart>getEmployeeBasicDetailsResponse</localPart>
          <prefix>ns0</prefix>
        </rootElement>
        <schemas class="org.mule.common.metadata.StringBasedSchemaProvider">
          <schemas reference="../../fields/org.mule.common.metadata.DefaultMetaDataField/model/schemas/schemas"/>
          <encoding reference="../../../../entry/org.mule.common.metadata.DefaultXmlMetaDataModel/schemas/encoding"/>
          <baseUri>file:/D:/Users/vinkushw/Desktop/webservices/ConsumeWebService/ConsumeWebService/src/main/resources/example.wsdl</baseUri>
        </schemas>
        <namespaceManager reference="../fields/org.mule.common.metadata.DefaultMetaDataField/model/namespaceManager"/>
      </org.mule.common.metadata.DefaultXmlMetaDataModel>
    </entry>
  </types>
  <connectorName>Web_Service_Consumer3</connectorName>
</metadata__catalog__entry>